dataset,model,mf_level,params,LOOCV_RMSE_log1p,LOOCV_MAE_log1p,LOOCV_R2_log1p,LOOCV_MAPE_log1p,LOOCV_SMAPE_log1p,LOOCV_RMSE_orig,LOOCV_MAE_orig,LOOCV_R2_orig,LOOCV_MAPE_orig,LOOCV_SMAPE_orig,rank_within_mflevel
CurrentDensity_All,KNN,MF1,"{'n_neighbors': 5, 'weights': 'distance'}",0.4504541305116719,0.3199100131111038,0.7488847591219595,7.896277331557649,7.610307784516856,67.70682364424788,37.39223328882567,0.4965699354988223,36.461719135187,31.20458434845061,1
CurrentDensity_All,SVR_sigmoid,MF1,"{'C': 4.0, 'gamma': 0.03125}",0.4506882655688701,0.3255383668498124,0.74862364413877,7.930267224754475,7.705512249688964,65.6956491013998,37.12257122078668,0.5260336780121357,35.95119326466645,31.69951724080715,2
CurrentDensity_All,SVR_linear,MF1,{'C': 0.03125},0.4647002678433168,0.3372120356661055,0.7327499652033106,8.533815933592626,8.109218063594524,64.96003437900298,36.91333009917651,0.5365885503854027,40.21419797359989,32.762967200146804,3
CurrentDensity_All,SVR_rbf,MF1,"{'C': 4.0, 'gamma': 0.03125}",0.4674698492067456,0.3481292849141639,0.7295548889350881,8.662111015639526,8.377133913152662,67.67706428301182,38.58115082862717,0.4970123861664063,39.34949600128534,33.96017043735755,4
CurrentDensity_All,Ridge,MF1,"{'alpha': 10.0, 'fit_intercept': True}",0.4692526404401964,0.3396629453708544,0.7274881607512245,8.473376867403951,8.136223643467284,66.77300078289365,38.10004264262673,0.5103609400874172,39.6667980094945,32.97683681113005,5
CurrentDensity_All,Elastic,MF1,"{'alpha': 0.1, 'fit_intercept': True, 'l1_ratio': 0.4}",0.4796966726739329,0.3458093640181345,0.7152227204178607,8.67137393176251,8.313568641439618,67.66638201598157,38.185666652019705,0.4971711585367836,40.49315508567577,33.515624892706626,6
CurrentDensity_All,LGBM,MF1,"{'learning_rate': 0.1, 'max_depth': 4, 'min_child_samples': 5, 'n_estimators': 50}",0.4875528444897985,0.3468703869495586,0.7058185298875568,8.505982021997296,8.212167245487358,71.10761690957754,40.90191756614573,0.4447270522700017,39.93772287301683,33.562777855288616,7
CurrentDensity_All,CB,MF1,"{'depth': 3, 'iterations': 100, 'learning_rate': 0.05}",0.4899149608024319,0.3469126428235053,0.7029610994557434,8.64722255621206,8.307364093997297,71.85080222337855,39.620360749055735,0.4330594632377345,40.17347950650896,33.531756077527014,8
CurrentDensity_All,ET,MF1,"{'criterion': 'squared_error', 'max_features': 0.7, 'min_samples_split': 10, 'n_estimators': 100}",0.4932636096315764,0.3516501286157532,0.6988866030919796,8.854230382069137,8.450852522148805,69.94523286538809,39.19355705605366,0.4627325765847117,42.27791422150694,33.97022666730023,9
CurrentDensity_All,MLP,MF1,"{'activation': 'relu', 'alpha': 0.1, 'hidden_layer_sizes': (16, 8), 'learning_rate_init': 0.001}",0.4968862544325853,0.3606925960601683,0.6944474654545743,8.775555739576198,8.54225511866043,87.02092887933294,44.98435609933584,0.1683861816117909,41.071820614225246,34.873182967335595,10
CurrentDensity_All,Lasso,MF1,"{'alpha': 0.01, 'fit_intercept': True}",0.5032725805838747,0.3570000842061883,0.6865426452775094,8.882324993954034,8.585827374716969,70.96271033818533,39.788122657773066,0.4469878709313133,41.59510949760985,34.38642421623677,11
CurrentDensity_All,RF,MF1,"{'criterion': 'squared_error', 'max_features': 0.7, 'min_samples_split': 8, 'n_estimators': 50}",0.5171092598369558,0.3608685220357777,0.66906968379793,9.079711361450531,8.687744030127673,72.11868128710913,40.29217962195727,0.4288241699823896,43.873488766791866,34.58174172340552,12
CurrentDensity_All,GB,MF1,"{'learning_rate': 0.05, 'max_depth': 2, 'n_estimators': 50}",0.5409784713540852,0.3677105847187988,0.6378138077104223,9.21129934358996,8.837023801202625,74.86372427152358,40.63570358254757,0.3845154944905918,43.23308626408543,34.95484019120035,13
CurrentDensity_All,AB,MF1,"{'learning_rate': 0.05, 'n_estimators': 100}",0.5420903235597685,0.381090413532875,0.6363235031513504,9.369113739531745,9.118575267609112,77.97700940279634,43.14284043694205,0.3322599618446783,43.46588443651259,36.37763991888806,14
CurrentDensity_All,LR,MF1,{'fit_intercept': True},0.5423988179028132,0.3742570284402958,0.6359094612088383,9.210378139359838,8.876614064463126,117.1453489517266,48.31665451350531,-0.5070385733163707,47.42164732031178,35.58663972183439,15
CurrentDensity_All,XGB,MF1,"{'learning_rate': 0.05, 'max_depth': 2, 'n_estimators': 50}",0.5442811304936237,0.3741795235245682,0.6333780346891386,9.320414358370996,8.969966380180551,75.71260873804496,41.06811611193999,0.3704783241262853,43.34890739359025,35.62059158732571,16
CurrentDensity_All,HGB,MF1,"{'learning_rate': 0.05, 'max_iter': 50, 'max_leaf_nodes': 15, 'min_samples_leaf': 5}",0.5604172592504144,0.3827613647772248,0.6113175527242025,9.518603494878809,9.193117633835044,74.17516107534722,41.82882094416745,0.39578533233749,44.91484818294573,36.23578222918089,17
CurrentDensity_All,DT,MF1,"{'criterion': 'squared_error', 'max_features': 1.0, 'min_samples_split': 10}",0.5910070728360306,0.3880680535819306,0.5677278248241062,9.615775313701748,9.204021685515524,86.36026104741117,46.17402029868577,0.1809655665858002,56.77981410621218,36.16966276152805,18
CurrentDensity_All,SVR_poly,MF1,"{'C': 4.0, 'degree': 3, 'gamma': 0.03125}",0.6248986955727036,0.4679519625289159,0.5167285257725607,12.1396352164236,11.176137772870614,156.01434846402327,59.955232909188894,-1.6730270346736669,69.588913646156,44.357190497332056,19
CurrentDensity_All,KNN,MF2,"{'n_neighbors': 2, 'weights': 'distance'}",0.4213879111503329,0.3023981049200854,0.7802463640263001,7.718449913085132,7.5385286636254625,57.61572136076759,31.471047974497,0.6354506946079603,32.936820302498774,29.783546639293743,1
CurrentDensity_All,LGBM,MF2,"{'learning_rate': 0.1, 'max_depth': 4, 'min_child_samples': 5, 'n_estimators': 25}",0.4647407855491725,0.3375648400345018,0.7327033595475057,8.384577522428712,8.109732864320504,63.97899610759929,36.84399769753231,0.5504799056406448,37.86434364253376,32.89400809169748,2
CurrentDensity_All,SVR_rbf,MF2,"{'C': 4.0, 'gamma': 0.0009765625}",0.4658964304419514,0.3296846283011698,0.7313723635636036,8.343794848712768,7.922103106132903,63.846624967569696,35.62250814082591,0.5523380758298522,39.36128826237525,31.94620151363484,3
CurrentDensity_All,SVR_linear,MF2,{'C': 0.03125},0.4667822953035963,0.3313226688209125,0.7303498443649491,8.27842173409972,7.919165844566295,63.98698500454601,36.53251674770598,0.5503676377359263,38.74244121520767,32.10419529859866,4
CurrentDensity_All,Elastic,MF2,"{'alpha': 0.1, 'fit_intercept': True, 'l1_ratio': 0.4}",0.4670963357040933,0.332208667300801,0.7299868934584912,8.335298633587671,8.009490676146097,63.52905859561375,35.767438717627186,0.5567802471388614,38.49523430830424,32.22694775686867,5
CurrentDensity_All,Ridge,MF2,"{'alpha': 10.0, 'fit_intercept': True}",0.4678999394748174,0.3328394944612801,0.7290570201718855,8.295024791482268,7.972227320964141,63.97125684145188,36.705479806313214,0.5505886521181855,38.81916334759536,32.26490385212035,6
CurrentDensity_All,SVR_sigmoid,MF2,"{'C': 0.25, 'gamma': 0.03125}",0.4686421957302968,0.3304225760380913,0.7281967138538554,8.32127043110455,7.935405457440482,65.86752783717274,36.344306397533146,0.5235503689669546,38.4609449960547,32.005410089786665,7
CurrentDensity_All,Lasso,MF2,"{'alpha': 0.01, 'fit_intercept': True}",0.4734521712159006,0.3298695164914788,0.7225886984891652,8.240191577981502,7.983587408052893,63.1899280108716,35.163139328460915,0.5614996050767863,37.69153004347054,31.91140741911001,8
CurrentDensity_All,ET,MF2,"{'criterion': 'squared_error', 'max_features': 0.7, 'min_samples_split': 4, 'n_estimators': 50}",0.484673786745788,0.3248694770643547,0.7092826250444426,8.256631465600583,7.882227365999792,64.22047464272526,34.95174738875101,0.5470802178734651,39.46785989767425,31.299508752437045,9
CurrentDensity_All,CB,MF2,"{'depth': 4, 'iterations': 100, 'learning_rate': 0.05}",0.4936432347096426,0.3479319102037607,0.6984229395164452,8.721926082935145,8.36446807170313,67.28175768486719,37.73101126836369,0.5028711988039578,40.66036621687932,33.5243244667658,10
CurrentDensity_All,RF,MF2,"{'criterion': 'absolute_error', 'max_features': 0.7, 'min_samples_split': 4, 'n_estimators': 50}",0.5088163001434153,0.3393166481619398,0.6795989311789039,8.651814176886834,8.211629902455647,66.51332099646433,36.19564284144922,0.5141619411946998,42.6731736335111,32.366657501482955,11
CurrentDensity_All,XGB,MF2,"{'learning_rate': 0.1, 'max_depth': 3, 'n_estimators': 100}",0.5200302503539246,0.3495967730159872,0.6653204782496851,8.676783268396974,8.395362782247878,65.8602190597888,37.24200427273445,0.5236560984881047,40.95679849433955,33.30000480602388,12
CurrentDensity_All,AB,MF2,"{'learning_rate': 0.05, 'n_estimators': 50}",0.526727830530009,0.3672575435188052,0.6566441461220581,9.15372699729849,8.958140740305662,70.69795121222936,38.56843237768874,0.451106706665594,41.2854880210213,35.164720593193685,13
CurrentDensity_All,GB,MF2,"{'learning_rate': 0.1, 'max_depth': 2, 'n_estimators': 25}",0.5336761346475928,0.3567008590856375,0.6475256737513762,8.912334996382386,8.565848543889677,69.95123078920673,38.17747754006527,0.4626404294258318,41.814305311879416,33.89643508442472,14
CurrentDensity_All,HGB,MF2,"{'learning_rate': 0.05, 'max_iter': 50, 'max_leaf_nodes': 7, 'min_samples_leaf': 5}",0.5404401376014346,0.3658289853245017,0.6385342801522869,9.080026923118384,8.726903164164915,69.50245773233571,39.82133395334992,0.4695131873709843,43.245567078828245,34.69863812069314,15
CurrentDensity_All,LR,MF2,{'fit_intercept': True},0.5446444264688497,0.3820145430312658,0.6328884467594524,9.51491938398202,9.149810953208654,88.4799520363272,44.017910155194414,0.140266153322577,47.81924325840088,36.42355890314013,16
CurrentDensity_All,MLP,MF2,"{'activation': 'tanh', 'alpha': 0.1, 'hidden_layer_sizes': (8,), 'learning_rate_init': 0.001}",0.5776457660098042,0.4247871945840169,0.5870522409273353,10.13536208088744,10.252805103807203,79.52932801588511,46.15776101859163,0.3054094131305019,42.54496201514405,40.5535611973641,17
CurrentDensity_All,SVR_poly,MF2,"{'C': 4.0, 'degree': 3, 'gamma': 0.03125}",0.6107001985349035,0.4633038933228269,0.5384401248575033,12.1035244685401,11.341742124832594,171.1326921515224,60.41299705470193,-2.216179153003845,65.95369967949306,44.24507690657013,18
CurrentDensity_All,DT,MF2,"{'criterion': 'squared_error', 'max_features': 0.7, 'min_samples_split': 10}",0.6520939831647595,0.4337739045234547,0.4737497552066021,10.570843930693858,9.974533063382324,104.58328950821084,57.29864795762457,-0.2011544738444839,68.05710924360889,39.95782738558859,19
CurrentDensity_All,SVR_linear,MF3,{'C': 32.0},0.4155335588653605,0.3142014960683626,0.7863100330302057,7.598563242612072,7.504708561167887,76.08586141822279,38.79890918730906,0.3642561150894685,33.70861389951204,31.0115656576948,1
CurrentDensity_All,Ridge,MF3,"{'alpha': 0.1, 'fit_intercept': True}",0.4460967650466027,0.327577358249268,0.7537194739267349,7.756924677475019,7.698519585972645,80.57978506815964,41.35018934767692,0.2869393397661548,34.6352741449656,32.072820332625604,2
CurrentDensity_All,LR,MF3,{'fit_intercept': True},0.4514324608662115,0.3342382914690095,0.7477927924496539,7.83168077194948,7.798553185300307,84.77248829708873,43.21679101829857,0.2108053550079854,35.30724129356827,32.716211161792245,3
CurrentDensity_All,Lasso,MF3,"{'alpha': 0.001, 'fit_intercept': True}",0.462263149446228,0.3394126699532438,0.7355457976961316,8.073454749449729,8.002553055125642,81.0083510546106,42.26349535091291,0.2793343008800714,35.98166593435819,33.14165748772081,4
CurrentDensity_All,Elastic,MF3,"{'alpha': 0.01, 'fit_intercept': True, 'l1_ratio': 0.4}",0.4624310041754062,0.331644037308383,0.735353708199574,8.124691515761334,7.974785578554265,68.21825997178317,37.52383690896135,0.4889357018181332,36.145292779608965,32.280495480993274,5
CurrentDensity_All,KNN,MF3,"{'n_neighbors': 1, 'weights': 'uniform'}",0.4638786700696344,0.3309763036402921,0.7336941347908461,8.440467127091273,8.373396941477885,55.43752740197244,33.263888888888886,0.6624936320704353,34.947022494949614,32.29787001550858,6
CurrentDensity_All,SVR_rbf,MF3,"{'C': 4.0, 'gamma': 0.03125}",0.4723414319232295,0.3568818905781188,0.7238888094885629,8.990118635317817,8.690824765693323,64.92556266639372,38.01725164581063,0.537080248024546,40.92943419628597,34.86121293074949,7
CurrentDensity_All,LGBM,MF3,"{'learning_rate': 0.1, 'max_depth': 4, 'min_child_samples': 5, 'n_estimators': 25}",0.4770768234760699,0.349703343145421,0.7183248315668805,8.639978465387363,8.346471726373395,67.53046333232776,39.27668377270504,0.4991891530703668,39.19073026422118,33.987381255139645,8
CurrentDensity_All,ET,MF3,"{'criterion': 'absolute_error', 'max_features': 0.7, 'min_samples_split': 4, 'n_estimators': 100}",0.4798889745937041,0.317632104496223,0.7149943502935959,8.143452929813671,7.730384732095755,61.80133895365605,33.84212590159584,0.5805598148632957,39.44334401698752,30.54435690934429,9
CurrentDensity_All,CB,MF3,"{'depth': 4, 'iterations': 100, 'learning_rate': 0.1}",0.4818272383481208,0.3444120621819015,0.7126874345285203,8.638264370384881,8.316605784449111,63.49122469220008,36.74698470284008,0.5573079974468622,39.99580132003162,33.37476884553679,10
CurrentDensity_All,RF,MF3,"{'criterion': 'squared_error', 'max_features': 0.7, 'min_samples_split': 6, 'n_estimators': 50}",0.5019001401532419,0.3497715889041546,0.6882499306603533,8.743896355102262,8.385098335755089,68.28322816868034,38.66379504830914,0.48796180607529,41.8569900969063,33.598506182477514,11
CurrentDensity_All,SVR_sigmoid,MF3,"{'C': 0.25, 'gamma': 0.03125}",0.5151733744131956,0.3600502467177987,0.6715428323078527,9.06175646341739,8.67321533028435,72.0925454258352,39.361340350305504,0.4292380840196369,41.7222757615745,34.57227026423796,12
CurrentDensity_All,XGB,MF3,"{'learning_rate': 0.1, 'max_depth': 4, 'n_estimators': 50}",0.5241919080024099,0.3370035295348343,0.6599423496785368,8.282000540927152,7.945701485004461,66.87187595380722,37.06660789031704,0.5089097849968809,40.69177974519349,31.821192755645388,13
CurrentDensity_All,AB,MF3,"{'learning_rate': 0.1, 'n_estimators': 50}",0.5278020524787559,0.3754488991985052,0.6552422209370127,9.335354900527658,9.114277206071618,70.67359999034414,40.07037534147715,0.4514847634611724,42.351784172929655,36.013468942127886,14
CurrentDensity_All,GB,MF3,"{'learning_rate': 0.05, 'max_depth': 2, 'n_estimators': 50}",0.5332549971699256,0.3636837885149044,0.648081747257789,9.049371834218988,8.69942642722396,70.52262813499496,39.44421276266038,0.4538257200234015,42.30940525174672,34.63177092847104,15
CurrentDensity_All,HGB,MF3,"{'learning_rate': 0.05, 'max_iter': 50, 'max_leaf_nodes': 15, 'min_samples_leaf': 5}",0.5366671363671277,0.3698412255220045,0.643563699300325,9.127613414347875,8.837821121437957,69.19578844075008,40.14139565659704,0.4741842482448233,42.5544362853162,35.194293083871294,16
CurrentDensity_All,MLP,MF3,"{'activation': 'relu', 'alpha': 0.1, 'hidden_layer_sizes': (16, 8), 'learning_rate_init': 0.001}",0.5372551870774618,0.3867603234897185,0.642782144249944,9.292408383114228,8.871664672863242,114.84979362139,56.78251963348024,-0.4485540540162391,49.67588542176107,37.11272312873536,17
CurrentDensity_All,DT,MF3,"{'criterion': 'absolute_error', 'max_features': 0.7, 'min_samples_split': 10}",0.5882647140941039,0.4282572573780329,0.5717301290718658,10.389654305701583,10.47528787491187,74.607630294032,42.948651943331626,0.3887191934120368,43.70812905047469,40.772062126074594,18
CurrentDensity_All,SVR_poly,MF3,"{'C': 4.0, 'degree': 3, 'gamma': 0.03125}",0.609035794888132,0.4451460666599229,0.5409525690465191,11.483068854449302,10.820657977274085,242.71917811703923,68.56848735860635,-5.469674831048711,64.91972898931348,42.25375390135635,19
CurrentDensity_All,SVR_linear,MF4,{'C': 4.0},0.3904955450414742,0.2919995712308629,0.8112860121819765,7.0272019939697286,6.944179779559841,72.89104115699924,36.47988782790216,0.4165245670983223,31.1415212861801,28.91246879925639,1
CurrentDensity_All,Lasso,MF4,"{'alpha': 0.001, 'fit_intercept': True}",0.4287860464942423,0.3225983016257805,0.7724623789498702,7.5319321997276925,7.45689178758394,87.60050755416414,43.69528475697037,0.1572718277054055,34.824619491834795,31.707145521791585,2
CurrentDensity_All,Ridge,MF4,"{'alpha': 0.1, 'fit_intercept': True}",0.4393921619532046,0.3339608061344168,0.7610667800109028,7.865702835262138,7.783770741520171,88.9028997388246,44.4068365440224,0.1320271899801187,36.10651294367237,32.84598023081772,3
CurrentDensity_All,Elastic,MF4,"{'alpha': 0.01, 'fit_intercept': True, 'l1_ratio': 0.4}",0.4534832833068333,0.3258511948292723,0.7454960720379296,8.021346900169025,7.794402067927897,74.99405390033901,39.24353306408217,0.3823706455269414,36.586670549666266,31.779407578893075,4
CurrentDensity_All,LR,MF4,{'fit_intercept': True},0.4672312002486694,0.35519654833696,0.7298309493890054,8.286979790503835,8.201549859543105,98.14211783120378,49.20389011005624,-0.057755077222054,39.5164993953903,34.76245644521549,5
CurrentDensity_All,SVR_rbf,MF4,"{'C': 32.0, 'gamma': 0.0009765625}",0.4748559909584561,0.3456903052943169,0.7209411706599216,8.655945985819802,8.27356434270512,64.45423791685357,37.87362213274631,0.5437769502868234,40.65705006998365,33.56716700113449,6
CurrentDensity_All,ET,MF4,"{'criterion': 'squared_error', 'max_features': 1.0, 'min_samples_split': 2, 'n_estimators': 100}",0.4764391976457889,0.3096940665558698,0.7190772610791939,7.961109218124131,7.53574141837426,60.90421439797709,32.61354249571385,0.5926488385930724,38.29105855115554,29.73487704227588,7
CurrentDensity_All,KNN,MF4,"{'n_neighbors': 5, 'weights': 'distance'}",0.4856467862637429,0.3263647583594725,0.7081142028727249,8.17631806603921,7.852155394455705,65.18881011320963,35.888030513184454,0.533318725143634,38.338823893452826,31.40674603215064,8
CurrentDensity_All,LGBM,MF4,"{'learning_rate': 0.05, 'max_depth': 4, 'min_child_samples': 5, 'n_estimators': 50}",0.4967984386099776,0.360527322210456,0.6945554578808536,8.939312407879559,8.617904768199036,69.34778130726522,40.21739001757146,0.4718717370336237,41.063048387084095,34.90857194772454,9
CurrentDensity_All,RF,MF4,"{'criterion': 'squared_error', 'max_features': 0.7, 'min_samples_split': 2, 'n_estimators': 50}",0.499570904710391,0.3408951177043613,0.6911367772926112,8.582618110522915,8.21910331290841,66.57124845263336,36.81450621528976,0.5133153252785245,40.9249128758247,32.678553213674704,10
CurrentDensity_All,CB,MF4,"{'depth': 3, 'iterations': 100, 'learning_rate': 0.05}",0.5066994917886445,0.3554847839062993,0.6822592895726775,8.95588995361691,8.522918381004063,67.59860028864902,38.80089150863441,0.4981780259370928,43.0275692927579,34.161725247081954,11
CurrentDensity_All,AB,MF4,"{'learning_rate': 0.05, 'n_estimators': 100}",0.5319438716485175,0.3742025607593742,0.6498101577441422,9.29411520528144,9.029991931447544,73.10133031180463,40.69659048182279,0.4131530815195978,42.81963807926851,35.81955552698833,12
CurrentDensity_All,XGB,MF4,"{'learning_rate': 0.05, 'max_depth': 4, 'n_estimators': 50}",0.5351530468925288,0.3596092225438686,0.6455720770262343,9.00980395560316,8.55129404592577,69.92735359778128,39.3130288662196,0.4630072120364529,44.50405226508279,34.08715619942823,13
CurrentDensity_All,MLP,MF4,"{'activation': 'tanh', 'alpha': 0.1, 'hidden_layer_sizes': (16, 8), 'learning_rate_init': 0.001}",0.5396349041329086,0.4030592735814684,0.6396106156730048,9.715319538493157,9.717808897464671,74.44794303821445,44.17630411726508,0.3913331161387394,41.46757721701872,38.83830840188616,14
CurrentDensity_All,GB,MF4,"{'learning_rate': 0.1, 'max_depth': 4, 'n_estimators': 25}",0.5454883140856014,0.3610381159246308,0.6317499391906556,9.103600105609551,8.714827313428685,67.21027879051834,37.606720550499205,0.5039269185958657,44.75369726149927,34.15522036334909,15
CurrentDensity_All,HGB,MF4,"{'learning_rate': 0.05, 'max_iter': 50, 'max_leaf_nodes': 15, 'min_samples_leaf': 5}",0.5461714670457343,0.3830152391811193,0.6308269912828205,9.46757749649712,9.127872796527628,70.18139743318956,41.6529720020868,0.4590983693698098,44.87820256018897,36.4047766332338,16
CurrentDensity_All,SVR_sigmoid,MF4,"{'C': 0.25, 'gamma': 0.03125}",0.5702400060650413,0.4002207945110198,0.5975728341296318,10.082268232911623,9.639556330172429,78.57056967675187,43.14654503489552,0.3220556094001994,46.91721349511296,38.05673479265951,17
CurrentDensity_All,SVR_poly,MF4,"{'C': 4.0, 'degree': 3, 'gamma': 0.03125}",0.6124072055691868,0.442510141835518,0.5358562478893356,11.145723479300772,10.45979400894582,283.9712949029351,76.53996144854018,-7.855705210888987,65.17516028499094,41.80833544264802,18
CurrentDensity_All,DT,MF4,"{'criterion': 'squared_error', 'max_features': 0.7, 'min_samples_split': 4}",0.6923070354310941,0.4602214033051071,0.4068433346585826,11.77749532623396,11.159480818075068,82.7226404376213,48.3225900447529,0.2485102796686469,70.54922464467869,42.23235673024085,19
CurrentDensity_All,SVR_linear,MF5,{'C': 1.0},0.418477767345557,0.3164575998575318,0.7832711608547488,7.893654628063902,7.654615387022716,71.91076536163477,37.587457907712114,0.4321127871190269,35.42219488254788,31.233881109206507,1
CurrentDensity_All,Lasso,MF5,"{'alpha': 0.001, 'fit_intercept': True}",0.4688726953205467,0.3571150396857509,0.7279292776142119,8.419776978601673,8.26708731088606,94.34426581192648,48.7067339865216,0.0225258388717647,40.25358650544612,34.92983618507822,2
CurrentDensity_All,Ridge,MF5,"{'alpha': 1.0, 'fit_intercept': True}",0.472511471683005,0.349662399137649,0.7236899773381147,8.444883150660292,8.22690835556545,83.63947766143677,44.52036830657911,0.231760043057248,39.17217891223916,34.10657855254072,3
CurrentDensity_All,Elastic,MF5,"{'alpha': 0.01, 'fit_intercept': True, 'l1_ratio': 0.4}",0.4782814741814529,0.3467602436833142,0.7169005385530667,8.416012858964418,8.193263820986472,82.58030742191248,43.52215133366359,0.2510940893266504,39.04086269722058,33.70961270471356,4
CurrentDensity_All,ET,MF5,"{'criterion': 'absolute_error', 'max_features': 0.7, 'min_samples_split': 4, 'n_estimators': 50}",0.4864211650704491,0.3195830871504476,0.7071826188996753,8.172650711467222,7.785077092789805,63.14375150964512,34.01061013399684,0.5621402456447677,38.927951060951735,30.65783461936466,5
CurrentDensity_All,SVR_rbf,MF5,"{'C': 32.0, 'gamma': 0.0009765625}",0.4870663561940005,0.3613317531889851,0.7064053152667801,8.950380152022245,8.601573474999084,70.14329320268847,40.81690609504434,0.4596855632987836,41.87447585480434,35.08681863709422,6
CurrentDensity_All,LGBM,MF5,"{'learning_rate': 0.1, 'max_depth': 4, 'min_child_samples': 5, 'n_estimators': 25}",0.4933477270335409,0.3601942431324186,0.6987838951855116,8.894800716438565,8.617791803441872,69.25834776526547,40.11512926413632,0.4732330473440022,40.32199913584584,34.931738594747785,7
CurrentDensity_All,KNN,MF5,"{'n_neighbors': 5, 'weights': 'distance'}",0.5030159170005818,0.3470269256508764,0.6868622834850038,8.599688151926342,8.324025347678512,68.66597517087052,38.16584434335102,0.4822054775013444,39.52347814661484,33.41202304524558,8
CurrentDensity_All,CB,MF5,"{'depth': 4, 'iterations': 100, 'learning_rate': 0.05}",0.5036928227920151,0.3556272278340194,0.686018940972161,8.898173970013904,8.509643395869684,68.60420893555538,38.93128801692642,0.4831365888403161,41.912675367973,34.19015071440714,9
CurrentDensity_All,RF,MF5,"{'criterion': 'absolute_error', 'max_features': 0.7, 'min_samples_split': 2, 'n_estimators': 150}",0.5169888302113684,0.3402793747829558,0.6692238066357571,8.650232152686717,8.193462122321819,68.73500622591659,36.7815046676049,0.481163859172384,42.76275658764966,32.36606085072807,10
CurrentDensity_All,AB,MF5,"{'learning_rate': 0.05, 'n_estimators': 25}",0.5349640237905202,0.3830649677376725,0.6458224100255823,9.45877756635348,9.25014140204788,72.99205056207306,41.22529303746288,0.4149063341492806,42.66428952475084,36.71032010382353,11
CurrentDensity_All,XGB,MF5,"{'learning_rate': 0.05, 'max_depth': 4, 'n_estimators': 50}",0.5406748190855176,0.3780196584721867,0.6382202852289816,9.36272337588048,8.96985686917507,71.38678869515014,41.2681312750966,0.4403584389457489,44.89231071670342,35.9612092415613,12
CurrentDensity_All,GB,MF5,"{'learning_rate': 0.05, 'max_depth': 2, 'n_estimators': 50}",0.5443028919149888,0.3674221570156721,0.6333487175803353,9.25937462935301,8.775727323601675,70.85804151268081,39.989449320794655,0.4486180353214107,45.52957018399291,34.83159598191691,13
CurrentDensity_All,HGB,MF5,"{'learning_rate': 0.05, 'max_iter': 50, 'max_leaf_nodes': 15, 'min_samples_leaf': 5}",0.5457646623341199,0.3728324101211144,0.6313767284941325,9.164326035538478,8.890048224174086,70.58200524717064,40.79756001158049,0.4529056209060724,42.53976062971481,35.38018200318997,14
CurrentDensity_All,LR,MF5,{'fit_intercept': True},0.5588292565027051,0.4065995618478585,0.6135171791343704,9.519474801245195,9.245882509877736,136.77973605710977,63.134740352365526,-1.0545550880413923,52.44471292461736,38.91110732768284,15
CurrentDensity_All,DT,MF5,"{'criterion': 'absolute_error', 'max_features': 0.7, 'min_samples_split': 4}",0.5914253936012911,0.408170775137745,0.5671156750495041,10.114321784490956,10.113313667168848,66.68980424930518,38.878685188593074,0.5115803219968713,44.4143089986607,38.52933574860764,16
CurrentDensity_All,SVR_poly,MF5,"{'C': 4.0, 'degree': 3, 'gamma': 0.03125}",0.6140202417314011,0.4444448311206646,0.5334079858993488,11.422274765804657,10.79428147488402,284.7295999111967,73.91586097457545,-7.903064165089006,64.07691446080366,42.10688513739334,17
CurrentDensity_All,MLP,MF5,"{'activation': 'tanh', 'alpha': 0.1, 'hidden_layer_sizes': (8,), 'learning_rate_init': 0.001}",0.6254858360787049,0.4312018242524032,0.5158199575146711,9.599752637736795,10.112625586413948,84.67841180931121,47.97523326988685,0.2125560046647902,37.591891245124366,40.31804188789767,18
CurrentDensity_All,SVR_sigmoid,MF5,"{'C': 0.25, 'gamma': 0.03125}",0.6821130093533145,0.4853377240657941,0.4241828576312221,12.255928670119715,11.68770545253859,87.86885215351934,49.96841365621251,0.1521009005688643,59.40489658782639,45.15296271492614,19
CurrentDensity_All,SVR_linear,MF6,{'C': 0.25},0.4589700351165494,0.3494469071227938,0.7393002648327374,8.553732107953461,8.321639473872226,72.29702973250984,41.32324704524954,0.4259956578978882,38.61878205718144,34.26849763488082,1
CurrentDensity_All,Lasso,MF6,"{'alpha': 0.01, 'fit_intercept': True}",0.468035901809586,0.3402561533918636,0.7288995361065289,8.272334625182223,8.039192503906495,70.31710172419132,40.30805884959528,0.4570045484576315,37.86645755339963,33.079861777393994,2
CurrentDensity_All,Elastic,MF6,"{'alpha': 0.01, 'fit_intercept': True, 'l1_ratio': 0.9}",0.468319179340631,0.3418672907136357,0.7285712710726978,8.290251171354143,8.064755369377991,71.25555107083352,40.82434901155915,0.4424142399872267,37.93580916268462,33.25107046169306,3
CurrentDensity_All,Ridge,MF6,"{'alpha': 1.0, 'fit_intercept': True}",0.4798815101554676,0.360526695208053,0.7150032164715517,8.672376461549744,8.476493889806942,81.32218061946396,45.19868700697057,0.2737397099958175,39.82858383382733,35.16686163593688,4
CurrentDensity_All,SVR_rbf,MF6,"{'C': 32.0, 'gamma': 0.0009765625}",0.4826495643415738,0.3608660251311654,0.7117058951455049,8.943892098383863,8.611975451078575,69.7103301323913,40.59005838633092,0.4663352141837296,41.475276031941306,35.102188986394786,5
CurrentDensity_All,LGBM,MF6,"{'learning_rate': 0.05, 'max_depth': 4, 'min_child_samples': 5, 'n_estimators': 50}",0.4915601814731197,0.3567344607545336,0.7009627318226667,8.807245382572887,8.522653334052638,69.94071878745842,40.13171375682173,0.4628019219470444,39.90023329804789,34.61802706376195,6
CurrentDensity_All,ET,MF6,"{'criterion': 'squared_error', 'max_features': 0.7, 'min_samples_split': 2, 'n_estimators': 50}",0.4925062793943643,0.313947226491188,0.699810519691437,8.01513788883522,7.5633844560718355,63.448701332446106,34.35365117773901,0.5579007863691364,39.74370007418346,29.97451429934405,7
CurrentDensity_All,RF,MF6,"{'criterion': 'absolute_error', 'max_features': 0.7, 'min_samples_split': 2, 'n_estimators': 50}",0.5029893569223618,0.3410802485099233,0.6868953509979331,8.60102866782814,8.226649252545014,67.72388751452333,36.95960287907006,0.4963161487352238,41.00309460492943,32.66874557085835,8
CurrentDensity_All,KNN,MF6,"{'n_neighbors': 4, 'weights': 'distance'}",0.5067904898539985,0.3458151706399219,0.6821451533372451,8.709700154937066,8.376211693745535,66.84924998081848,37.09533164781093,0.5092420476714852,40.49189516794991,33.21798582037893,9
CurrentDensity_All,CB,MF6,"{'depth': 2, 'iterations': 100, 'learning_rate': 0.05}",0.5148802995643947,0.3607811939407869,0.6719164352863491,8.976674918715247,8.64558025745832,69.64695514496616,39.39035716603126,0.4673051027316469,41.60858684663898,34.59497522250223,10
CurrentDensity_All,GB,MF6,"{'learning_rate': 0.05, 'max_depth': 3, 'n_estimators': 50}",0.5327855112378362,0.3663491609018023,0.6487011430004285,9.227840283420369,8.876680335325233,67.79663746880072,38.30869469796497,0.4952334389352848,43.00825526976738,34.91876681466569,11
CurrentDensity_All,XGB,MF6,"{'learning_rate': 0.05, 'max_depth': 4, 'n_estimators': 50}",0.5336697341118588,0.3678632737023061,0.6475341283583762,8.970547718306975,8.614197562178655,71.58560290704915,41.3948943555336,0.4372368632145699,43.08664263067645,34.95408088753272,12
CurrentDensity_All,AB,MF6,"{'learning_rate': 0.05, 'n_estimators': 100}",0.5344236986330149,0.3789406411167089,0.646537502664113,9.448869476434249,9.136377807625134,73.52931368067998,40.90907419654977,0.4062613888428132,43.81936339036937,36.26627792573996,13
CurrentDensity_All,HGB,MF6,"{'learning_rate': 0.05, 'max_iter': 50, 'max_leaf_nodes': 15, 'min_samples_leaf': 5}",0.5597450542466872,0.3787247421403294,0.6122494212060149,9.324836212321374,9.043873564782274,72.91110587947014,41.391161060434406,0.4162032962322508,43.44620931763572,35.79864973563179,14
CurrentDensity_All,DT,MF6,"{'criterion': 'absolute_error', 'max_features': 0.7, 'min_samples_split': 8}",0.5808322162537087,0.4180386873451946,0.5824838122364195,10.441556875834742,10.485737097943122,79.58011207028999,42.78290362565807,0.3045220577532309,42.41496360959995,39.94362553295535,15
CurrentDensity_All,LR,MF6,{'fit_intercept': True},0.5872363197971814,0.4516646139396099,0.5732262083229798,10.694484839499069,10.871490980423845,121.61540113344164,60.11445001417186,-0.6242445599774149,48.07006687646049,43.490730566235705,16
CurrentDensity_All,SVR_poly,MF6,"{'C': 1.0, 'degree': 3, 'gamma': 0.03125}",0.6151657799530362,0.4607507504261679,0.5316653802327715,11.829560537404555,11.270842353377796,236.3724686534339,69.27618926488026,-5.135755559525771,64.24315474756341,43.85103687374416,17
CurrentDensity_All,MLP,MF6,"{'activation': 'tanh', 'alpha': 0.1, 'hidden_layer_sizes': (16,), 'learning_rate_init': 0.001}",0.7133610482208789,0.4941477401177694,0.370217326202225,11.291480474089296,12.040231260830089,88.32520226617534,51.2673777740321,0.1432708400728952,42.50116813551133,45.424156840618885,18
CurrentDensity_All,SVR_sigmoid,MF6,"{'C': 0.25, 'gamma': 0.03125}",0.7675845428952579,0.5454039014048069,0.2708374315203571,13.659296241449448,13.037519297300223,94.91061752205098,55.4045975656139,0.0107549955692682,69.58196340605967,49.74260009952361,19
CurrentDensity_Acetate,SVR_sigmoid,MF1,"{'C': 1.0, 'gamma': 0.03125}",0.6516327721443698,0.3981134259054661,0.5230545089812595,10.486392032622422,9.351252400571571,88.34822283406865,49.42993383990086,0.456650036059635,63.85354655482044,35.86361916576859,1
CurrentDensity_Acetate,SVR_linear,MF1,{'C': 0.03125},0.6579864904348,0.4020660633640193,0.5137082906694395,10.639987006785592,9.48113356789953,87.87654974472768,48.96521916633036,0.4624362177200088,65.2500529355567,36.17837156576469,2
CurrentDensity_Acetate,SVR_rbf,MF1,"{'C': 1.0, 'gamma': 0.03125}",0.6581957510100247,0.4060388140800176,0.5133989291064815,10.55966019938527,9.476760904050966,87.21535879913625,50.46908341962524,0.4704951402533153,64.0698268015638,36.49766408837581,3
CurrentDensity_Acetate,KNN,MF1,"{'n_neighbors': 2, 'weights': 'uniform'}",0.7055575038850733,0.3848244459090593,0.4408507562388507,9.838729549927304,8.881459849611769,87.62455983920472,48.67495571953141,0.4655147734301451,63.16575214709206,33.13883847474046,4
CurrentDensity_Acetate,DT,MF1,"{'criterion': 'absolute_error', 'max_features': 1.0, 'min_samples_split': 2}",0.7081081170012926,0.3931746146307727,0.4368007639459816,9.568124224268765,8.96082446857077,91.812989277117,53.75,0.4131970860043136,53.75603023915173,34.084054120922474,5
CurrentDensity_Acetate,ET,MF1,"{'criterion': 'absolute_error', 'max_features': 0.7, 'min_samples_split': 10, 'n_estimators': 50}",0.7097539228816525,0.4268218791323796,0.4341797127935654,11.115387961694704,10.001920009566746,87.78694330267625,50.67033819751066,0.4635319507532235,70.94734000381517,37.62011218326949,6
CurrentDensity_Acetate,Ridge,MF1,"{'alpha': 10.0, 'fit_intercept': True}",0.7128765509263436,0.419983611283618,0.429190003143871,10.986366153443209,9.808742172363983,91.04223369578244,51.28112071647802,0.4230079680629819,71.89280444712922,36.84411914797796,7
CurrentDensity_Acetate,XGB,MF1,"{'learning_rate': 0.05, 'max_depth': 4, 'n_estimators': 25}",0.7287990336242944,0.4540455625697291,0.4034065405366748,11.594000801453404,10.496378547251132,101.1374384820916,58.19356935961967,0.2879542365231563,71.25667279858322,40.28245147668099,8
CurrentDensity_Acetate,RF,MF1,"{'criterion': 'absolute_error', 'max_features': 0.7, 'min_samples_split': 10, 'n_estimators': 150}",0.730481742526087,0.4429013827376988,0.4006484357297831,11.532400915625216,10.301156477893532,91.97450479785635,53.99848324954053,0.4111306868045818,77.45363086334977,38.92653371543658,9
CurrentDensity_Acetate,SVR_poly,MF1,"{'C': 4.0, 'degree': 3, 'gamma': 0.03125}",0.7328867361392912,0.50929311423825,0.3966954018638606,13.496884704843126,11.575662235005128,104.83094129057643,69.36221549350402,0.2349972830311664,102.40672612314016,46.25027631199149,10
CurrentDensity_Acetate,AB,MF1,"{'learning_rate': 0.1, 'n_estimators': 50}",0.7524900328827728,0.383394288181156,0.3639893099393938,10.180595907692416,8.915073259088022,87.79608505126131,47.33631926785676,0.4634202140598266,79.76986249719,31.892262450271463,11
CurrentDensity_Acetate,CB,MF1,"{'depth': 3, 'iterations': 25, 'learning_rate': 0.1}",0.7533679075797948,0.459602118274329,0.3625044706640351,12.029874729273857,10.56170000880441,99.25763993228988,58.83692734559621,0.3141772361223933,88.05176010748362,40.24011184680375,12
CurrentDensity_Acetate,Elastic,MF1,"{'alpha': 0.1, 'fit_intercept': True, 'l1_ratio': 0.4}",0.7557752558667558,0.4563222315828842,0.358423793108059,11.826821418968713,10.597829138882492,93.4225566822742,55.21142281982537,0.3924423360651728,79.62067145603753,39.77253647056474,13
CurrentDensity_Acetate,Lasso,MF1,"{'alpha': 0.1, 'fit_intercept': True}",0.7709436133052309,0.4735182102947103,0.3324125840886621,12.294919401041474,10.96285890335438,96.18448503239073,57.4919834361172,0.3559878586362195,84.16040692465675,41.327159222802514,14
CurrentDensity_Acetate,GB,MF1,"{'learning_rate': 0.05, 'max_depth': 4, 'n_estimators': 25}",0.7745500746989027,0.4421711114286797,0.326152049276096,11.498329077796686,10.28162997281641,94.61827809140816,53.96915582420206,0.3767904678517626,81.18153821871921,37.75835281038656,15
CurrentDensity_Acetate,LGBM,MF1,"{'learning_rate': 0.05, 'max_depth': 2, 'min_child_samples': 5, 'n_estimators': 25}",0.7834310916123745,0.4907791928458005,0.3106107325184464,12.95808564449326,11.270190759949305,103.33861687831497,62.7803024710239,0.2566226990372189,97.3605325003619,42.95534281892286,16
CurrentDensity_Acetate,HGB,MF1,"{'learning_rate': 0.05, 'max_iter': 50, 'max_leaf_nodes': 7, 'min_samples_leaf': 5}",0.7920102528567461,0.4612504611460891,0.2954293969311792,11.845053963712626,10.563337212503091,97.16822644963564,57.77946070986537,0.3427470280189935,91.22913514766392,39.38972936700426,17
CurrentDensity_Acetate,MLP,MF1,"{'activation': 'tanh', 'alpha': 0.1, 'hidden_layer_sizes': (8,), 'learning_rate_init': 0.001}",0.8433319313406096,0.5383388523501467,0.2011596366105896,12.72683956830509,12.533226135548142,108.58014136953705,67.71597140482945,0.1792992839942174,63.23682072118786,46.82531824253719,18
CurrentDensity_Acetate,LR,MF1,{'fit_intercept': True},0.9004945520345641,0.5522567342609698,0.0891956607428425,14.281856008648482,12.660010149777335,102.84944943426908,65.64876361792216,0.2636437977315979,123.53262053780574,46.60045915138288,19
CurrentDensity_Acetate,SVR_sigmoid,MF2,"{'C': 4.0, 'gamma': 0.03125}",0.5349233760356848,0.3427556402920503,0.6785998571941583,8.194023658224383,7.916667150432338,85.96014638438564,48.28946571886823,0.4856268393338971,37.09520162352858,32.11350121530066,1
CurrentDensity_Acetate,SVR_rbf,MF2,"{'C': 4.0, 'gamma': 0.0009765625}",0.6352948177463902,0.3835364761274316,0.54667096372857,10.100107746362347,8.958816487540256,88.85763107003238,49.70069967816539,0.4503661538812958,61.74482563153143,34.640667250131905,2
CurrentDensity_Acetate,SVR_linear,MF2,{'C': 0.03125},0.6640761886309939,0.4131093091283719,0.5046653282328211,10.677678249421051,9.696157676389596,88.67624508959612,51.31571074402632,0.4526078098372824,61.90111634601133,37.1995881168039,3
CurrentDensity_Acetate,ET,MF2,"{'criterion': 'absolute_error', 'max_features': 1.0, 'min_samples_split': 10, 'n_estimators': 50}",0.7225809232192496,0.446568759352864,0.4135433775054994,11.572163296718069,10.399724634447413,90.3065771436698,54.8612387281804,0.4322949334362386,75.07532424013212,39.44966685290447,4
CurrentDensity_Acetate,RF,MF2,"{'criterion': 'absolute_error', 'max_features': 0.7, 'min_samples_split': 8, 'n_estimators': 150}",0.7253126191645257,0.4384350953019101,0.4091008318385334,11.366648754019382,10.228341299620167,91.15051369937711,53.46479496588562,0.4216346745987041,73.22968670187998,38.54132605460715,5
CurrentDensity_Acetate,KNN,MF2,"{'n_neighbors': 5, 'weights': 'distance'}",0.7265502280437973,0.3748445832424529,0.4070825959708726,9.859256081630557,8.586639303232445,89.19843760430477,48.0164699361356,0.4461419127595821,75.09374084538463,31.62111010003344,6
CurrentDensity_Acetate,DT,MF2,"{'criterion': 'squared_error', 'max_features': 1.0, 'min_samples_split': 8}",0.7293713652030471,0.4372741321580316,0.4024691535968963,10.79256113788642,10.182525690680354,93.62725255360182,53.65498855109783,0.3897770099196667,59.736465573071975,38.41278037225804,7
CurrentDensity_Acetate,SVR_poly,MF2,"{'C': 1.0, 'degree': 3, 'gamma': 0.03125}",0.7307172689975363,0.5029778126991298,0.4002618800960877,13.433592372551423,11.495710593743198,109.08074457381971,69.42478275988073,0.1717142413907283,102.599590206049,45.66423072597612,8
CurrentDensity_Acetate,Ridge,MF2,"{'alpha': 10.0, 'fit_intercept': True}",0.7318941120082024,0.41076198149063,0.3983285304978989,10.694640720341258,9.597602454415542,90.8331266230876,50.38157365149201,0.425655410925391,70.44163303755388,35.41068499739293,9
CurrentDensity_Acetate,XGB,MF2,"{'learning_rate': 0.05, 'max_depth': 4, 'n_estimators': 25}",0.7362786713870325,0.4605910466357386,0.3910980686881785,11.772299647790463,10.630745994257175,101.4898745017916,58.923410031238014,0.2829830245725031,73.88215980722266,40.81089199828733,10
CurrentDensity_Acetate,Elastic,MF2,"{'alpha': 0.1, 'fit_intercept': True, 'l1_ratio': 0.4}",0.7467900919780908,0.4166004231438671,0.3735880901729616,10.848628029374227,9.675288787567284,91.6305344226932,51.102843459643736,0.4155270103186521,74.37140657633525,35.71109334007671,11
CurrentDensity_Acetate,AB,MF2,"{'learning_rate': 0.05, 'n_estimators': 50}",0.7609973239039369,0.3983147382423312,0.3495271553810833,10.513261134670213,9.208888899673296,88.94614663630503,49.3010973877783,0.4492705725006558,83.27742924805071,33.31155893036792,12
CurrentDensity_Acetate,Lasso,MF2,"{'alpha': 0.1, 'fit_intercept': True}",0.7616372397657212,0.4435393659703517,0.3484327418071574,11.557088757520134,10.247797698489505,95.05515671599204,55.04087902112717,0.3710221217269503,81.51773535859674,38.27682197687933,13
CurrentDensity_Acetate,CB,MF2,"{'depth': 2, 'iterations': 25, 'learning_rate': 0.1}",0.7661641930489803,0.4675946902292381,0.340664265646454,12.226924406299467,10.801125689623788,101.05918655720076,59.655232708907576,0.2890556564729127,87.520305508149,40.79179341345611,14
CurrentDensity_Acetate,LGBM,MF2,"{'learning_rate': 0.05, 'max_depth': 2, 'min_child_samples': 5, 'n_estimators': 25}",0.7685749206020552,0.4670562323594531,0.3365085520927523,12.37629206263592,10.758246501606772,102.38596197973078,60.30865707480292,0.2702655706971052,93.1542178594863,40.752099733381165,15
CurrentDensity_Acetate,GB,MF2,"{'learning_rate': 0.05, 'max_depth': 4, 'n_estimators': 25}",0.7782244798074064,0.446044113058303,0.3197435202834094,11.458887192248715,10.359791055539526,95.3424884469501,55.35773696778429,0.3672138391250088,77.10019160614955,38.07967127243559,16
CurrentDensity_Acetate,HGB,MF2,"{'learning_rate': 0.05, 'max_iter': 50, 'max_leaf_nodes': 7, 'min_samples_leaf': 5}",0.8293431722826943,0.4758608188457592,0.2274413511838489,12.431217427050836,10.806755197510729,102.08376583192792,60.837661315182814,0.2745668926398878,115.80525342126865,40.06926773872614,17
CurrentDensity_Acetate,MLP,MF2,"{'activation': 'tanh', 'alpha': 0.1, 'hidden_layer_sizes': (8,), 'learning_rate_init': 0.001}",1.015624609648619,0.6766889868331967,-0.1585888459313835,16.51627775336914,17.273206739988726,109.40112476439288,73.86738581571824,0.1668415930982845,80.48148686920364,57.21599579855281,18
CurrentDensity_Acetate,LR,MF2,{'fit_intercept': True},1.2203869626930663,0.8074419473123275,-0.6728539669106197,20.237148301916648,19.61182242934264,169.58159140150977,108.94040289729269,-1.0018955757494323,211.831812421843,64.24100197775195,19
CurrentDensity_Acetate,SVR_sigmoid,MF3,"{'C': 4.0, 'gamma': 0.03125}",0.5383987110618648,0.4561644983949251,0.6744100922805871,9.856674235273596,9.728613959808904,105.53229784855972,72.97166135804977,0.2247267562741128,50.020724550163024,44.40538074391848,1
CurrentDensity_Acetate,SVR_rbf,MF3,"{'C': 4.0, 'gamma': 0.0009765625}",0.6444738008608669,0.4005484262936674,0.533476585203251,10.426619959698408,9.32487503572443,90.05250780506877,51.585958902331896,0.4354848130058611,62.77466380118712,36.25261795366729,2
CurrentDensity_Acetate,SVR_linear,MF3,{'C': 0.03125},0.6685862887105501,0.4237044056905297,0.497914310317696,10.821997020019875,9.918951523501358,89.04625472116052,52.69307226111579,0.4480301928800821,61.06806600741224,38.21386718161656,3
CurrentDensity_Acetate,KNN,MF3,"{'n_neighbors': 2, 'weights': 'uniform'}",0.7168890597877988,0.4062079211916508,0.4227461777616232,10.21451112170939,9.297632321422766,94.84781476447677,53.79178673789215,0.3737630833125046,64.3115275029396,35.20547607824562,4
CurrentDensity_Acetate,DT,MF3,"{'criterion': 'squared_error', 'max_features': 0.7, 'min_samples_split': 8}",0.7178800895105837,0.4181475486664759,0.421149079557246,10.381742394024226,9.774750994397731,92.36367280006824,51.64953886919028,0.4061368261332018,57.69449600676344,36.57109779908377,5
CurrentDensity_Acetate,RF,MF3,"{'criterion': 'absolute_error', 'max_features': 0.7, 'min_samples_split': 10, 'n_estimators': 50}",0.72319188873354,0.4335987536101841,0.4125512221922801,11.229327617377503,10.0371383816721,94.28866851198636,55.32733244016472,0.3811248955227077,73.64197139171536,38.07770242677752,6
CurrentDensity_Acetate,SVR_poly,MF3,"{'C': 0.25, 'degree': 3, 'gamma': 0.03125}",0.7290417698435041,0.5138152839618193,0.4030090675699771,13.415004145401635,11.656044626107104,113.80606641703623,72.56394199772112,0.0983980711363418,99.04209514735616,46.81920217921934,7
CurrentDensity_Acetate,Ridge,MF3,"{'alpha': 10.0, 'fit_intercept': True}",0.7511020491566085,0.4371847173735537,0.3663334163134333,11.234867953118336,10.132006495194071,92.19840338322346,54.4100183286989,0.4082601633332633,74.16146192541756,37.7549485820175,8
CurrentDensity_Acetate,Elastic,MF3,"{'alpha': 0.1, 'fit_intercept': True, 'l1_ratio': 0.4}",0.7515700802448553,0.4234360729873627,0.3655434622371288,11.009666172963154,9.810869695820596,92.12265229422984,52.091476036809645,0.4092321220892937,76.01860391551807,36.33666842575642,9
CurrentDensity_Acetate,AB,MF3,"{'learning_rate': 0.1, 'n_estimators': 50}",0.7592235730051569,0.3703618475051293,0.3525558970893679,9.917321759836948,8.631168854707292,86.39765173804169,43.76296471475187,0.480377576534379,80.282791612572,30.388300849733625,10
CurrentDensity_Acetate,Lasso,MF3,"{'alpha': 0.1, 'fit_intercept': True}",0.7621035281217599,0.4440556134078539,0.3476346946231106,11.569280607968462,10.258225762098704,95.10612189755162,55.11179029060538,0.370347469945716,81.62198754872759,38.32301153893736,11
CurrentDensity_Acetate,ET,MF3,"{'criterion': 'absolute_error', 'max_features': 1.0, 'min_samples_split': 10, 'n_estimators': 100}",0.7645910726055816,0.4621049760151264,0.3433690375635002,11.960534379769614,10.7348736887393,94.01111285626178,56.9101443825523,0.3847630731920285,82.2576100487149,40.151285633129376,12
CurrentDensity_Acetate,LGBM,MF3,"{'learning_rate': 0.05, 'max_depth': 2, 'min_child_samples': 5, 'n_estimators': 25}",0.7749712724556206,0.4780786691840606,0.3254189774565806,12.670562642112577,10.997482497754016,103.09296587471349,61.56789532919242,0.2601527314407678,95.52927178048223,41.80740248502084,13
CurrentDensity_Acetate,CB,MF3,"{'depth': 4, 'iterations': 25, 'learning_rate': 0.1}",0.779932463459775,0.46767738061771,0.3167543006883256,12.357730688753843,10.768450483145516,102.09625837253594,59.67607470268831,0.2743893314578161,94.60137435919604,40.53100303276469,14
CurrentDensity_Acetate,GB,MF3,"{'learning_rate': 0.05, 'max_depth': 4, 'n_estimators': 25}",0.7965757983050852,0.4508712089705837,0.2872829857499508,11.91892140639884,10.517212686523289,95.3693500322818,54.4481112205996,0.3668572293034495,89.95349322239213,38.22216391818026,15
CurrentDensity_Acetate,HGB,MF3,"{'learning_rate': 0.1, 'max_iter': 100, 'max_leaf_nodes': 7, 'min_samples_leaf': 10}",0.7993428940576446,0.5413863797419176,0.2823228009080765,13.838871288523697,12.414810954195444,102.12709306270078,67.29374838939844,0.2739509733994497,98.47068598430428,48.19773288695679,16
CurrentDensity_Acetate,XGB,MF3,"{'learning_rate': 0.05, 'max_depth': 3, 'n_estimators': 25}",0.8106264155968639,0.4793559935412421,0.2619183378334834,12.732802148862891,10.944332132782634,105.62057798108422,61.69985761134209,0.2234291468710403,114.74888348989596,41.0344527754464,17
CurrentDensity_Acetate,MLP,MF3,"{'activation': 'tanh', 'alpha': 0.1, 'hidden_layer_sizes': (8,), 'learning_rate_init': 0.001}",0.9402370508034676,0.6193082161930664,0.0070265570462838,15.318207520481398,14.650524202929631,105.06465955764466,67.0178333564896,0.2315823672251756,89.78767024043779,53.00621463899304,18
CurrentDensity_Acetate,LR,MF3,{'fit_intercept': True},2.7355553631929763,1.5816962303464723,-7.405313742649332,39.5120698690582,31.74469422956659,383395.7926054334,68206.92186564769,-10232426.872124802,261272.9859804605,88.7029345230078,19
CurrentDensity_Acetate,SVR_sigmoid,MF4,"{'C': 0.25, 'gamma': 0.03125}",0.6510275142479466,0.4274893602662317,0.523940102743637,10.635334290484195,9.88321159907269,97.55324476830778,57.07510083705196,0.3375281248128462,55.48430967788765,39.05619398567872,1
CurrentDensity_Acetate,SVR_rbf,MF4,"{'C': 4.0, 'gamma': 0.0009765625}",0.6568253366803649,0.4082838801911351,0.5154231016050361,10.611901934269389,9.497688865697103,91.6722472973728,52.59459652457186,0.414994751110995,64.17511386366134,36.8452355004657,2
CurrentDensity_Acetate,SVR_linear,MF4,{'C': 0.03125},0.7035535528849354,0.4448297036103021,0.4440224790992296,11.3593483912683,10.360098228461778,91.41356801154043,55.38451906384776,0.418291609995401,67.39143768523304,39.71715135785588,3
CurrentDensity_Acetate,SVR_poly,MF4,"{'C': 0.25, 'degree': 3, 'gamma': 0.03125}",0.7322147184216593,0.5086662849863529,0.3978012903448752,13.421801149956794,11.567726396988512,123.80467996808434,74.06286905355758,-0.06698454911508,101.8862910319392,46.23806412515246,4
CurrentDensity_Acetate,KNN,MF4,"{'n_neighbors': 5, 'weights': 'distance'}",0.7446548046058094,0.3884493042185214,0.3771651520746608,10.148664403749615,8.77822001189385,93.95955373308564,52.39364315129569,0.385437724880125,81.81072710693743,32.67648081423051,5
CurrentDensity_Acetate,RF,MF4,"{'criterion': 'absolute_error', 'max_features': 0.7, 'min_samples_split': 8, 'n_estimators': 150}",0.745560997522332,0.4659222531814427,0.3756483366408518,12.072802446120429,10.756132542228777,95.91077593852717,58.79109750168932,0.3596479327914323,82.11405206614816,41.02936287676636,6
CurrentDensity_Acetate,DT,MF4,"{'criterion': 'absolute_error', 'max_features': 1.0, 'min_samples_split': 8}",0.749785719323886,0.4668285656074437,0.368552511104628,11.589214188096207,10.718067821281847,94.34909514350196,58.58295696416184,0.3803314063025678,70.26106343455623,41.05076032307146,7
CurrentDensity_Acetate,Elastic,MF4,"{'alpha': 0.1, 'fit_intercept': True, 'l1_ratio': 0.4}",0.7697822059063315,0.4403864544881003,0.3344224767317324,11.345374107475577,10.133965507257995,96.62851446479787,55.8746933190956,0.3500280532854021,79.1373732414246,37.77372188175857,8
CurrentDensity_Acetate,CB,MF4,"{'depth': 4, 'iterations': 25, 'learning_rate': 0.1}",0.7709658722933426,0.4737241381100407,0.3323740338377303,12.41424624175992,10.944664101938583,101.8706843079714,59.86724997807372,0.2775921546011888,88.16900836366246,41.373704979258,9
CurrentDensity_Acetate,LGBM,MF4,"{'learning_rate': 0.05, 'max_depth': 2, 'min_child_samples': 5, 'n_estimators': 25}",0.7761970373531146,0.4782393529139097,0.3232833326919321,12.644821770872683,10.993230507067464,103.26350011044828,61.70088682455764,0.2577030271231804,95.4362253603482,41.78008564518257,10
CurrentDensity_Acetate,AB,MF4,"{'learning_rate': 0.05, 'n_estimators': 100}",0.7770704179823459,0.4064180963908415,0.32175958623109,10.80894430586594,9.420259404854376,91.09120655956868,49.37499745377692,0.4223870572847831,87.48069926917472,33.89774843008206,11
CurrentDensity_Acetate,Lasso,MF4,"{'alpha': 0.1, 'fit_intercept': True}",0.7790210786496314,0.4596930662250071,0.3183501720113223,11.830730633635543,10.54950750777622,100.0809781151412,58.54578195084483,0.3027523019496609,82.7363393239271,39.66554954848228,12
CurrentDensity_Acetate,ET,MF4,"{'criterion': 'absolute_error', 'max_features': 1.0, 'min_samples_split': 10, 'n_estimators': 100}",0.7796863306207692,0.4920957528465632,0.3171854730679357,12.549537041852185,11.321004116328698,98.0576310251614,63.140434525015735,0.330659967261899,85.2776258760094,43.013629852934976,13
CurrentDensity_Acetate,GB,MF4,"{'learning_rate': 0.05, 'max_depth': 4, 'n_estimators': 25}",0.8074446901775588,0.4825999944180782,0.2677009386328661,12.912627680913252,11.206499219228832,96.16146503462218,57.57575532591169,0.3562960868080886,99.5478990968395,41.41959055932168,14
CurrentDensity_Acetate,HGB,MF4,"{'learning_rate': 0.1, 'max_iter': 50, 'max_leaf_nodes': 7, 'min_samples_leaf': 10}",0.80858811182002,0.5400719029228036,0.2656254541460543,13.572256791439065,12.291031597590058,106.1492804665077,68.9593509081016,0.2156351629567793,93.41038947506551,47.79634640519795,15
CurrentDensity_Acetate,Ridge,MF4,"{'alpha': 10.0, 'fit_intercept': True}",0.8142359272236206,0.4706217633180364,0.255330727070192,12.126356924927968,10.770696046380165,98.46197744191062,60.1648179243023,0.3251284598862763,93.27788553447684,39.85553656086192,16
CurrentDensity_Acetate,XGB,MF4,"{'learning_rate': 0.05, 'max_depth': 2, 'n_estimators': 25}",0.8184729092103159,0.5442682104411971,0.2475605972931608,14.127611693987042,12.460552864174952,109.02983022668457,68.0231248227631,0.1724872795071438,104.31608905418696,47.9174727118417,17
CurrentDensity_Acetate,MLP,MF4,"{'activation': 'tanh', 'alpha': 0.01, 'hidden_layer_sizes': (16, 8), 'learning_rate_init': 0.001}",0.9813200881934796,0.5933297207603327,-0.0816438617120962,12.972912861191624,14.030525032167962,112.9038939536848,70.51847675180005,0.1126359133263767,50.639941869959,49.67974085902421,18
CurrentDensity_Acetate,LR,MF4,{'fit_intercept': True},3.457083658299721,2.155339313176605,-12.424023075751633,51.941787701128064,48.20786531233745,69363.2253178414,12909.087841549386,-334920.14336387266,51011.02398622521,98.38323902621455,19
CurrentDensity_Acetate,SVR_sigmoid,MF5,"{'C': 0.25, 'gamma': 0.03125}",0.6564656375330596,0.4303004383519909,0.5159536967593359,10.57974296239066,9.88053214329231,98.9982580014214,58.49775964866516,0.3177569625809364,55.11382353145067,39.20953201331566,1
CurrentDensity_Acetate,SVR_rbf,MF5,"{'C': 4.0, 'gamma': 0.0009765625}",0.6611860383324327,0.4061971219934797,0.5089674743802974,10.683924080207229,9.506277086873409,89.49906009009722,50.70771556189412,0.4424023231925923,66.33953732894246,36.5381355209115,2
CurrentDensity_Acetate,DT,MF5,"{'criterion': 'squared_error', 'max_features': 0.7, 'min_samples_split': 2}",0.709120602967351,0.3955157567293972,0.4351890355091776,9.724125430158413,9.053088341633336,93.09487767863492,53.21875,0.3966968706082503,55.38047650062723,34.40953439943025,3
CurrentDensity_Acetate,SVR_linear,MF5,{'C': 0.03125},0.7111052279735063,0.4369355986934667,0.4320231239534475,11.289815109924763,10.201094149546456,89.65783713741659,53.92908072749915,0.4404221404989161,69.72516888344565,38.74559246672633,4
CurrentDensity_Acetate,KNN,MF5,"{'n_neighbors': 3, 'weights': 'distance'}",0.723500644582892,0.3481457752391069,0.4120495103575101,9.081987967194976,8.041798564228007,88.19441688902074,44.30614653275136,0.4585402316485679,64.41765001028239,28.854516426598387,5
CurrentDensity_Acetate,SVR_poly,MF5,"{'C': 0.25, 'degree': 3, 'gamma': 0.03125}",0.7291204092305977,0.4946014224825433,0.4028802696465118,13.220730342373932,11.371638554921375,119.53592217764054,70.6015035291743,0.0053257401361858,103.27212770558066,44.7796263840092,6
CurrentDensity_Acetate,RF,MF5,"{'criterion': 'absolute_error', 'max_features': 1.0, 'min_samples_split': 10, 'n_estimators': 50}",0.7311198237779394,0.4344682380101565,0.3996009022896797,11.390068913999492,10.07824782704678,96.1431748516404,55.397279722535885,0.3565409321352929,79.1179664373688,38.01212325928251,7
CurrentDensity_Acetate,GB,MF5,"{'learning_rate': 0.05, 'max_depth': 4, 'n_estimators': 25}",0.7537304958870644,0.4148316455610634,0.3618906827730458,11.145027133619308,9.60944824793664,93.64460889552043,51.70075974017642,0.3895507462996257,90.90002789764546,35.323636204954504,8
CurrentDensity_Acetate,LGBM,MF5,"{'learning_rate': 0.05, 'max_depth': 4, 'min_child_samples': 5, 'n_estimators': 25}",0.7629443088133759,0.4373509021182559,0.3461944737266768,11.580373373196377,9.97195901720317,103.17540509954496,59.074166488715136,0.2589690071900793,93.68605634879714,37.62866223416998,9
CurrentDensity_Acetate,CB,MF5,"{'depth': 3, 'iterations': 50, 'learning_rate': 0.05}",0.7695485803621408,0.4737488827072723,0.3348264151800783,12.337445098340106,10.82433663238449,105.22309917056263,62.32983481572517,0.2292630413573728,90.76271153424516,41.42783745650396,10
CurrentDensity_Acetate,ET,MF5,"{'criterion': 'absolute_error', 'max_features': 1.0, 'min_samples_split': 10, 'n_estimators': 100}",0.7764675653137251,0.4763397144988133,0.3228115383563786,12.381122829521976,11.036972004246904,93.8071026034261,58.26026825118688,0.3874303845278866,87.8743550795795,41.42267763469576,11
CurrentDensity_Acetate,AB,MF5,"{'learning_rate': 0.1, 'n_estimators': 50}",0.7824585647581457,0.3961790676550019,0.3123212427222142,10.577777209429472,9.129703881685112,90.96866771524078,48.79705711060746,0.4239400593219757,91.77342079757098,32.62805629617894,12
CurrentDensity_Acetate,Elastic,MF5,"{'alpha': 0.1, 'fit_intercept': True, 'l1_ratio': 0.7}",0.7874118682257101,0.4666804144568342,0.3035870723781796,11.988064346575827,10.71533717385717,99.77530725826816,59.04670624549469,0.3070049148503787,83.82224051879426,40.22038346606221,13
CurrentDensity_Acetate,XGB,MF5,"{'learning_rate': 0.05, 'max_depth': 2, 'n_estimators': 25}",0.7888259631112975,0.4965912170324584,0.3010834823679039,12.839332754823127,11.291221206777507,108.9189295854548,65.1991653074785,0.1741698468916891,97.33903296284528,43.42512012822428,14
CurrentDensity_Acetate,Lasso,MF5,"{'alpha': 0.1, 'fit_intercept': True}",0.7902137835920247,0.4730422139884273,0.2986220422999228,12.146366531176808,10.853716619509186,101.63607582894676,59.85126970361195,0.280915737770762,84.3004321053529,40.87773283381016,15
CurrentDensity_Acetate,HGB,MF5,"{'learning_rate': 0.05, 'max_iter': 50, 'max_leaf_nodes': 7, 'min_samples_leaf': 5}",0.8165282886311049,0.4060858924980699,0.2511318112007001,11.12899987350465,9.330534930419116,96.78617704133832,51.60454734787663,0.3479052874673793,123.3724229927858,32.84986020146597,16
CurrentDensity_Acetate,Ridge,MF5,"{'alpha': 10.0, 'fit_intercept': True}",0.8426216482879447,0.5003333065248334,0.202504691405252,12.894820465865068,11.404843863323045,101.12759577697943,63.90778064744405,0.2880928225017932,104.4335905169722,42.36158868552789,17
CurrentDensity_Acetate,MLP,MF5,"{'activation': 'tanh', 'alpha': 0.1, 'hidden_layer_sizes': (16, 8), 'learning_rate_init': 0.001}",1.116805936571124,0.6414872334727824,-0.4009361412455736,15.536445988003816,15.584234237421626,115.84626038263592,72.6062377151125,0.0657824003018823,102.40697346459878,50.7892214727034,18
CurrentDensity_Acetate,LR,MF5,{'fit_intercept': True},2.50643876834334,1.2575897427619651,-6.056301198185275,30.835032019288143,24.78418741538225,3106.2375725776224,701.7912104936256,-670.6659678412998,1181.4864982220186,69.74540049387943,19
CurrentDensity_Acetate,DT,MF6,"{'criterion': 'squared_error', 'max_features': 0.7, 'min_samples_split': 4}",0.5966681509894484,0.3757165558355882,0.6001209746309379,9.984613002052576,9.143581838490372,75.95874677064513,45.764564257234326,0.5983575677960417,57.82694625702336,34.71946199341473,1
CurrentDensity_Acetate,SVR_sigmoid,MF6,"{'C': 0.25, 'gamma': 0.03125}",0.6732402649011919,0.4485538342741232,0.4909000246259588,10.948326831153407,10.302794099220325,101.21716270841102,60.4834231671172,0.2868312167472608,55.82287438603086,40.86427827308251,2
CurrentDensity_Acetate,SVR_rbf,MF6,"{'C': 4.0, 'gamma': 0.0009765625}",0.6790221044251972,0.4275451206453327,0.4821180959033225,11.201304520477883,10.040524128915273,89.96791443709063,52.41611921254553,0.4365449014466654,68.80182230745825,38.48705159989169,3
CurrentDensity_Acetate,KNN,MF6,"{'n_neighbors': 2, 'weights': 'distance'}",0.7123054763259948,0.3594257737121036,0.4301041713082016,9.214812211030717,8.328342431261476,87.05231352784232,45.38163975499437,0.4724730617244864,59.53132449518823,30.30106751857357,4
CurrentDensity_Acetate,SVR_linear,MF6,{'C': 0.03125},0.7246559625104637,0.44193459116394,0.410170280282657,11.430315489788429,10.304278662911138,90.34005446601246,54.57543849051942,0.4318739504070209,72.30219242858008,38.978574793184805,5
CurrentDensity_Acetate,RF,MF6,"{'criterion': 'absolute_error', 'max_features': 1.0, 'min_samples_split': 10, 'n_estimators': 150}",0.7278672853296269,0.4416257889737838,0.404931020065028,11.459511420666113,10.170225474994048,97.98285492140748,57.74082044572657,0.3316804193282583,79.38467244031771,38.83977277866117,6
CurrentDensity_Acetate,ET,MF6,"{'criterion': 'absolute_error', 'max_features': 1.0, 'min_samples_split': 10, 'n_estimators': 50}",0.7308471731009963,0.4472307131514347,0.4000486228727699,11.57187258738298,10.422241181872709,90.40013510604092,54.598890386246914,0.4311180348371929,75.19072709196575,39.3447408682439,7
CurrentDensity_Acetate,GB,MF6,"{'learning_rate': 0.05, 'max_depth': 4, 'n_estimators': 25}",0.7373735271484254,0.3993289083633906,0.3892858324267083,10.741978612225418,9.273449368140362,93.36541080304112,50.59685750054544,0.3931853856951368,84.02473428102051,34.08080600084321,8
CurrentDensity_Acetate,SVR_poly,MF6,"{'C': 0.25, 'degree': 3, 'gamma': 0.03125}",0.741594622501027,0.5008757032242654,0.3822737518861747,13.332623290349188,11.51257984006563,118.71805020071696,70.78820861555695,0.0188904180190759,103.93088828737172,45.15973583561248,9
CurrentDensity_Acetate,LGBM,MF6,"{'learning_rate': 0.1, 'max_depth': 2, 'min_child_samples': 10, 'n_estimators': 25}",0.7433736787886207,0.4481261077046555,0.3793063949908475,11.737019501489694,10.39132710784078,100.79748002890648,57.62904933187036,0.2927330631494168,79.25776595391756,39.28855981818936,10
CurrentDensity_Acetate,CB,MF6,"{'depth': 2, 'iterations': 25, 'learning_rate': 0.1}",0.7504972067795032,0.456517867875883,0.3673535548826359,11.937829027278998,10.396361464197682,103.35343750506216,61.13031214299173,0.2564094562460135,90.34147429965446,40.00797415901992,11
CurrentDensity_Acetate,HGB,MF6,"{'learning_rate': 0.05, 'max_iter': 50, 'max_leaf_nodes': 7, 'min_samples_leaf': 10}",0.7804341660542248,0.5013690831704755,0.3158750030386599,12.587474316151376,11.428800258537516,105.26313683128646,65.67355772878615,0.2286763949656377,82.07964106511872,44.17393878250632,12
CurrentDensity_Acetate,Elastic,MF6,"{'alpha': 0.1, 'fit_intercept': True, 'l1_ratio': 0.7}",0.7878588166370947,0.4671388744259789,0.3027962562813936,11.996108206127088,10.724443097141387,99.89297760789746,59.117517730214566,0.3053693787367866,83.84640106147513,40.260249545391794,13
CurrentDensity_Acetate,Lasso,MF6,"{'alpha': 0.1, 'fit_intercept': True}",0.7902334416163935,0.4730600679453519,0.2985871457269503,12.14667730337416,10.854080329900343,101.64026371039012,59.85361103277096,0.2808564772836542,84.30118389851616,40.87922748129835,14
CurrentDensity_Acetate,XGB,MF6,"{'learning_rate': 0.05, 'max_depth': 2, 'n_estimators': 25}",0.7925839220616004,0.4977893299970885,0.2944083575245041,12.859061129247234,11.32237228548608,109.0777861150142,65.24270862642425,0.171759169871468,97.34908915659716,43.45950232255288,15
CurrentDensity_Acetate,AB,MF6,"{'learning_rate': 0.1, 'n_estimators': 100}",0.8109491397582492,0.4220180780027035,0.2613305351269144,11.004862746581116,9.465855102443385,99.91617197666092,56.95758671955062,0.3050467656832125,101.88426157865604,34.74201111210505,16
CurrentDensity_Acetate,Ridge,MF6,"{'alpha': 10.0, 'fit_intercept': True}",0.8544745059875979,0.5164697420616435,0.1799107274578669,13.234233459848616,11.766887233417291,103.32241118217574,65.88870037058672,0.256855835543419,104.83592916724793,43.806279538486685,17
CurrentDensity_Acetate,MLP,MF6,"{'activation': 'tanh', 'alpha': 0.1, 'hidden_layer_sizes': (8,), 'learning_rate_init': 0.001}",1.0906956367600495,0.6908276947486072,-0.3361956795805785,16.49251403640028,15.999759063630371,124.26257998173546,80.54068903518896,-0.0748917744078487,109.04410494914292,55.73402975602211,18
CurrentDensity_Acetate,LR,MF6,{'fit_intercept': True},36.9348990935808,18.467200563884543,-1531.2751040486569,436.5827453863845,112.8168305278559,2.222614802697741e+20,3.929064997383583e+19,-3.438843499304136e+36,1.2593157042935284e+19,167.3429377693078,19
CurrentDensity_Complex,KNN,MF1,"{'n_neighbors': 9, 'weights': 'uniform'}",0.4511561926913027,0.3414923154872921,0.6816245312313947,8.76561740089935,8.433384079131857,38.05118222061311,27.440575288429216,0.4892154793187052,40.57062423772806,33.617548248594765,1
CurrentDensity_Complex,ET,MF1,"{'criterion': 'squared_error', 'max_features': 0.7, 'min_samples_split': 10, 'n_estimators': 100}",0.4677843619317554,0.3403596131113832,0.65772344681779,8.769053417643583,8.472393399263671,37.92728911911654,26.42179615166747,0.4925362515976785,40.07106996368023,33.30781538353838,2
CurrentDensity_Complex,SVR_sigmoid,MF1,"{'C': 4.0, 'gamma': 0.03125}",0.4694122987107,0.350972819461524,0.6553369875899212,8.968281939421043,8.582390796422452,40.709682450070765,29.0183569918599,0.4153487965538535,42.99898668331855,34.34904419298367,3
CurrentDensity_Complex,LGBM,MF1,"{'learning_rate': 0.1, 'max_depth': 4, 'min_child_samples': 5, 'n_estimators': 25}",0.4705551435712212,0.3589781043336439,0.6536566914017032,9.110362871842714,8.837157885543382,39.58186248196834,28.517835971293096,0.4472943938368094,41.87660205548287,35.233411708510246,4
CurrentDensity_Complex,SVR_rbf,MF1,"{'C': 1.0, 'gamma': 0.03125}",0.4773717685674474,0.3641082204882617,0.643549511231311,9.424767467045278,8.97836432032554,39.99687117552818,29.383377103496247,0.4356435967979943,45.01356528761946,35.66511488121628,5
CurrentDensity_Complex,CB,MF1,"{'depth': 2, 'iterations': 50, 'learning_rate': 0.1}",0.4801250185061109,0.355872562936156,0.6394259854425481,9.14140044649029,8.845682128267278,40.11716355262604,27.800154657758263,0.432243837815406,42.03825654455121,34.80424655869817,6
CurrentDensity_Complex,HGB,MF1,"{'learning_rate': 0.1, 'max_iter': 100, 'max_leaf_nodes': 7, 'min_samples_leaf': 10}",0.4865222399140316,0.3689760119137729,0.6297533424900053,9.577730006418076,9.26250321818492,38.87604564335026,27.85814756133657,0.466830146951378,43.22338373266834,36.148858765768885,7
CurrentDensity_Complex,SVR_linear,MF1,{'C': 0.03125},0.4886079686355064,0.3800426825888101,0.6265720310755254,10.031022773611795,9.55934089225456,39.86876204467247,29.23888680082965,0.4392530502261975,46.97738361067253,37.283663143938334,8
CurrentDensity_Complex,XGB,MF1,"{'learning_rate': 0.1, 'max_depth': 2, 'n_estimators': 25}",0.4896048057958779,0.3604013753686958,0.6250467731134209,9.09494077121755,8.89838459612586,41.05175007489905,28.5360239141693,0.4054823246701012,41.076407875806034,35.138941093649045,9
CurrentDensity_Complex,Ridge,MF1,"{'alpha': 10.0, 'fit_intercept': True}",0.4908336770637363,0.3749414614924549,0.6231622021699095,9.687692051058756,9.330195329801168,41.4874096116596,29.561518582430967,0.3927967926186066,44.30543389218056,36.705687066170064,10
CurrentDensity_Complex,RF,MF1,"{'criterion': 'squared_error', 'max_features': 0.7, 'min_samples_split': 6, 'n_estimators': 150}",0.5027293286657611,0.368285683124027,0.6046750762107007,9.341342959561311,9.15312338826753,40.80695743887893,28.491237351399413,0.4125514332222092,42.40170750206208,35.78941402183508,11
CurrentDensity_Complex,Elastic,MF1,"{'alpha': 0.1, 'fit_intercept': True, 'l1_ratio': 0.4}",0.5032708121663291,0.3874413608370387,0.6038230184806296,10.011477083197049,9.64622196914524,42.21129561843546,30.3207605073297,0.3714225694406731,45.5850554599774,37.86233871000203,12
CurrentDensity_Complex,GB,MF1,"{'learning_rate': 0.1, 'max_depth': 2, 'n_estimators': 25}",0.5088425612892578,0.3840292397081296,0.5950022490869946,9.691717985928298,9.481353261044555,42.56472858774939,30.083836728709134,0.3608524103667253,43.36246743144879,37.41843141609733,13
CurrentDensity_Complex,AB,MF1,"{'learning_rate': 0.05, 'n_estimators': 25}",0.512921327308634,0.3906251576768764,0.5884834875615431,10.06869378117698,9.850770729673846,40.79747203416214,29.570580014262703,0.4128245013527519,45.91022626189306,38.14233815205711,14
CurrentDensity_Complex,Lasso,MF1,"{'alpha': 0.1, 'fit_intercept': True}",0.5226562493850783,0.4089906633635419,0.5727146068042335,10.594597331701658,10.175270297857493,43.11735294754224,31.65343404611061,0.3441483730378244,48.130736321699366,39.87886860146541,15
CurrentDensity_Complex,MLP,MF1,"{'activation': 'tanh', 'alpha': 0.1, 'hidden_layer_sizes': (16, 8), 'learning_rate_init': 0.001}",0.5435999773206982,0.3928562901693159,0.5377843869242928,9.764558255319423,9.775113293719931,42.73423647492714,30.205897262611984,0.3557516480017026,41.40749774890435,37.755869599145264,16
CurrentDensity_Complex,LR,MF1,{'fit_intercept': True},0.5989036664830764,0.4456529733518374,0.4389524178285932,11.349518121005904,11.1021791803674,46.54183490644756,34.02986710079266,0.235832750110313,51.80529563328673,42.54129840279394,17
CurrentDensity_Complex,SVR_poly,MF1,"{'C': 4.0, 'degree': 3, 'gamma': 0.03125}",0.602445694139048,0.4832971179351714,0.4322965142659294,13.09415565070203,12.216007665868595,43.52823059014221,35.40057232838929,0.3315892197910745,66.52705484062945,46.60996356600498,18
CurrentDensity_Complex,DT,MF1,"{'criterion': 'squared_error', 'max_features': 0.7, 'min_samples_split': 10}",0.6031392030310381,0.4677207357996365,0.4309887315777891,11.699682664494592,11.527462704056068,48.99370039302688,36.30724048480015,0.1531979463202745,53.23086319804096,45.028022819940745,19
CurrentDensity_Complex,HGB,MF2,"{'learning_rate': 0.1, 'max_iter': 100, 'max_leaf_nodes': 7, 'min_samples_leaf': 10}",0.4191920070397676,0.3249562189435935,0.7251398762467629,8.427921241905386,8.120779001168463,34.71139458874193,25.15921280482897,0.5749445944889144,38.81180978508393,32.19439010853043,1
CurrentDensity_Complex,GB,MF2,"{'learning_rate': 0.05, 'max_depth': 3, 'n_estimators': 50}",0.4566954765218287,0.3487677044430313,0.673758525352707,8.927137461083515,8.736799883912214,37.73725973472669,26.744092224611297,0.4976086648307605,39.7895178257576,34.30727321165104,2
CurrentDensity_Complex,CB,MF2,"{'depth': 3, 'iterations': 100, 'learning_rate': 0.1}",0.4572576634666211,0.3387272023451053,0.672954831888054,8.759694984571984,8.484543185088846,37.69196275356156,26.1014083183833,0.4988140068837131,40.54344171022706,33.24294130393689,3
CurrentDensity_Complex,SVR_sigmoid,MF2,"{'C': 1.0, 'gamma': 0.03125}",0.457706095960332,0.3394087462260465,0.672313051090951,8.718721885697848,8.29362615670613,39.726976689379605,28.390748821025102,0.4432343292168668,42.434283031008256,33.26360038269449,4
CurrentDensity_Complex,LGBM,MF2,"{'learning_rate': 0.1, 'max_depth': 2, 'min_child_samples': 10, 'n_estimators': 100}",0.4609693388729817,0.3607180524169062,0.6676238672633253,9.152271136458854,8.875965744942393,39.08150285378272,28.999172725320854,0.4611797237139398,42.33978595214815,35.4861073089201,5
CurrentDensity_Complex,XGB,MF2,"{'learning_rate': 0.1, 'max_depth': 3, 'n_estimators': 50}",0.46256690358911,0.3362096637149766,0.6653160673390947,8.478827699339602,8.310590973106418,37.65274511052768,26.81686489247311,0.4998564099038469,39.43827496143084,32.816948187805615,6
CurrentDensity_Complex,KNN,MF2,"{'n_neighbors': 3, 'weights': 'uniform'}",0.4632592072436426,0.3525870070301993,0.6643135040441372,9.325187687329912,8.908589613112103,37.08116638586024,26.69209344934859,0.5149257830496459,44.87247114770206,34.650552595990554,7
CurrentDensity_Complex,RF,MF2,"{'criterion': 'squared_error', 'max_features': 0.7, 'min_samples_split': 4, 'n_estimators': 100}",0.4734839297624439,0.3493912508975971,0.6493319176788901,9.04434804229949,8.788655222918388,37.071591083221165,26.53931244825985,0.5151762677667235,41.159698068836974,34.18312607287353,8
CurrentDensity_Complex,SVR_rbf,MF2,"{'C': 4.0, 'gamma': 0.0009765625}",0.4752846989066235,0.3576749013139179,0.6466595014027623,9.389895201513774,8.810001653015673,39.15829368349773,29.04284327646843,0.4590601989700883,46.368661835725554,34.98808853970045,9
CurrentDensity_Complex,ET,MF2,"{'criterion': 'squared_error', 'max_features': 0.7, 'min_samples_split': 6, 'n_estimators': 150}",0.4767435831439965,0.3599178033209535,0.6444870181681497,9.353386954733145,9.063467038665774,37.05126501836188,27.069958577121348,0.5157077721748125,42.20875776142014,35.25448031734108,10
CurrentDensity_Complex,SVR_linear,MF2,{'C': 0.03125},0.4827711384805339,0.3597154440678755,0.6354405595689221,9.429116554065562,8.89632885534963,39.95915485146973,29.03314016010005,0.4367074506678683,46.33029003382567,35.139186989143354,11
CurrentDensity_Complex,Ridge,MF2,"{'alpha': 10.0, 'fit_intercept': True}",0.4997176226180349,0.3820715620660615,0.6093974431726203,9.759818950258271,9.383417574959129,42.05164575859832,31.057965387064428,0.3761683382217425,45.69237507139475,37.27809423975046,12
CurrentDensity_Complex,AB,MF2,"{'learning_rate': 0.05, 'n_estimators': 25}",0.5023329603964529,0.3723491029876336,0.6052982047034448,9.76217524492576,9.522545473716196,38.16226804645863,27.22225661703869,0.4862287787159342,44.19637345882344,36.32774778546577,13
CurrentDensity_Complex,Elastic,MF2,"{'alpha': 0.1, 'fit_intercept': True, 'l1_ratio': 0.4}",0.5142755611089401,0.3965808454086989,0.5863076168029913,10.149423709358318,9.760075420759646,42.8100587180206,31.7799538109576,0.3534634737239757,47.136270409770695,38.62201860651147,14
CurrentDensity_Complex,DT,MF2,"{'criterion': 'squared_error', 'max_features': 0.7, 'min_samples_split': 6}",0.5251647607005353,0.3953035791055649,0.5686032145043457,9.847395311080929,9.718903396492989,43.292062488835285,31.23718978260928,0.3388226434798477,46.56999005112511,38.305554883698726,15
CurrentDensity_Complex,Lasso,MF2,"{'alpha': 0.1, 'fit_intercept': True}",0.5315446954754297,0.4152433505484508,0.5580579474144642,10.691540344877351,10.267440314417438,43.532747978227206,32.4770156013288,0.3314504763808881,49.03817889533375,40.38752480885793,16
CurrentDensity_Complex,SVR_poly,MF2,"{'C': 4.0, 'degree': 2, 'gamma': 0.25}",0.5457117242698378,0.4404852839420913,0.5341862325207535,11.188952865838331,10.721239221911608,48.88769884187721,36.95088770956249,0.1568582220991716,56.66039345724776,42.882733280833015,17
CurrentDensity_Complex,MLP,MF2,"{'activation': 'tanh', 'alpha': 0.1, 'hidden_layer_sizes': (16, 8), 'learning_rate_init': 0.001}",0.6417642045887217,0.4389757839526801,0.3557762501765297,10.89924669481138,11.181644587622923,44.0406812159316,31.75771885619227,0.3157584002179072,45.092789649270806,40.85294345269428,18
CurrentDensity_Complex,LR,MF2,{'fit_intercept': True},0.6924649114853452,0.5069102276156441,0.2499654058838746,12.573789358831451,12.485521748345167,52.3703858590129,39.61239641713657,0.0324510054204247,57.8937602352073,47.29693965157868,19
CurrentDensity_Complex,HGB,MF3,"{'learning_rate': 0.1, 'max_iter': 100, 'max_leaf_nodes': 7, 'min_samples_leaf': 10}",0.4489281268983102,0.3380288607810763,0.6847614043922734,8.719848328099774,8.424513191087442,37.83177668050074,26.351507833680955,0.4950889291700728,40.38462156662842,33.271670440957095,1
CurrentDensity_Complex,SVR_rbf,MF3,"{'C': 4.0, 'gamma': 0.25}",0.4629389951688577,0.3235535361828574,0.6647774072671042,8.400907073276452,8.027356831243608,37.4407538794214,25.59667561059645,0.5054723395207525,39.69260589212104,31.506201239143632,2
CurrentDensity_Complex,LGBM,MF3,"{'learning_rate': 0.1, 'max_depth': 2, 'min_child_samples': 10, 'n_estimators': 100}",0.472519558029121,0.3716498251971812,0.6507589143543857,9.38838069983652,9.142498449331352,40.0540928566035,29.64096742742246,0.4340276442735727,42.9882780717587,36.543962985727205,3
CurrentDensity_Complex,CB,MF3,"{'depth': 4, 'iterations': 100, 'learning_rate': 0.05}",0.4769464116997197,0.3474625705734849,0.6441844508080088,9.063755151463836,8.708937295339773,37.54482031943425,26.492996394525484,0.5027194433098497,42.00843145537446,33.89205747667003,4
CurrentDensity_Complex,XGB,MF3,"{'learning_rate': 0.1, 'max_depth': 4, 'n_estimators': 25}",0.4866115611586444,0.3768771180387867,0.6296173818891816,9.695838384320329,9.414107060898475,38.340274461495696,28.76439282464085,0.4814246687354496,44.04572363714852,36.89434049550366,5
CurrentDensity_Complex,SVR_sigmoid,MF3,"{'C': 0.25, 'gamma': 0.03125}",0.4926560560284935,0.3677670889409543,0.6203587427386483,9.589548599388976,9.124024208266038,39.52330826254544,29.01391759472897,0.4489284406209886,45.47276965045205,35.8464976924487,6
CurrentDensity_Complex,ET,MF3,"{'criterion': 'squared_error', 'max_features': 1.0, 'min_samples_split': 6, 'n_estimators': 50}",0.4970677254271389,0.3714722913771482,0.6135290256018313,9.47193961610515,9.300608890479754,38.85475197718689,28.38463544586245,0.4674140557018872,41.89746572385925,36.16398141911439,7
CurrentDensity_Complex,KNN,MF3,"{'n_neighbors': 7, 'weights': 'distance'}",0.5027968606868327,0.3554574029028268,0.6045688604692208,9.21303962265425,8.878088921567576,40.07945062566196,27.29146117848048,0.4333107967185921,43.8100546734568,34.39718137739103,8
CurrentDensity_Complex,SVR_linear,MF3,{'C': 0.03125},0.5038931069809939,0.3739499262884805,0.6028426663596629,9.736698343287088,9.262510836999189,40.86122405947019,29.85075882939053,0.4109879721197035,47.062933074939,36.36740724883558,9
CurrentDensity_Complex,RF,MF3,"{'criterion': 'squared_error', 'max_features': 1.0, 'min_samples_split': 4, 'n_estimators': 100}",0.5137519548057683,0.3644263444164513,0.5871495843580264,9.307719345995944,9.2045979466429,38.79567880067284,27.16072113443196,0.4690322684287421,40.84859474885148,35.15060318484936,10
CurrentDensity_Complex,Elastic,MF3,"{'alpha': 0.1, 'fit_intercept': True, 'l1_ratio': 0.4}",0.5148038375480195,0.3968177938406234,0.5854572704033347,10.154291644744012,9.766330729533337,42.8303245085858,31.78973498361662,0.3528512028918036,47.14385271415753,38.63963145461726,11
CurrentDensity_Complex,Ridge,MF3,"{'alpha': 10.0, 'fit_intercept': True}",0.520848042955033,0.3946132269875989,0.5756660063122372,10.05550111767888,9.694498320937788,43.32914104102238,31.899137095488378,0.3376895952414454,46.92258019677064,38.31939725868629,12
CurrentDensity_Complex,SVR_poly,MF3,"{'C': 1.0, 'degree': 2, 'gamma': 0.25}",0.5238487696078382,0.4121122739338274,0.5707625483451372,10.596223553169724,10.073300579609956,45.45721139402672,33.68765936712816,0.2710344599324797,54.5866625165489,40.13659771170423,13
CurrentDensity_Complex,Lasso,MF3,"{'alpha': 0.1, 'fit_intercept': True}",0.5315446954754297,0.4152433505484508,0.5580579474144642,10.691540344877351,10.267440314417438,43.532747978227206,32.4770156013288,0.3314504763808881,49.03817889533375,40.38752480885793,14
CurrentDensity_Complex,AB,MF3,"{'learning_rate': 0.05, 'n_estimators': 100}",0.5341919634747123,0.3789908775529359,0.5536449510865171,9.817701425422255,9.642006180881696,40.53349910995355,27.58870403860952,0.4203983524047507,43.60714140044369,36.55767413874833,15
CurrentDensity_Complex,GB,MF3,"{'learning_rate': 0.1, 'max_depth': 4, 'n_estimators': 25}",0.5350850061497582,0.3934529775745417,0.5521513033776215,9.860103166562425,9.815310113460905,40.28375331676553,29.60909624267591,0.4275187407640799,43.42776083914102,37.919220174498776,16
CurrentDensity_Complex,DT,MF3,"{'criterion': 'absolute_error', 'max_features': 0.7, 'min_samples_split': 6}",0.6194505251210048,0.4419457378138529,0.3997958384214485,10.813241864010518,11.009637560931754,46.52157502535034,34.10181249761813,0.2364978965520848,46.92531282127546,41.65499157958305,17
CurrentDensity_Complex,MLP,MF3,"{'activation': 'tanh', 'alpha': 0.01, 'hidden_layer_sizes': (8,), 'learning_rate_init': 0.001}",0.6362843977752303,0.4653698112446449,0.3667308967145717,11.459424847102568,11.712633884202209,48.50352166230621,34.63221702798385,0.1700575795699916,47.68641314392961,43.94166367488015,18
CurrentDensity_Complex,LR,MF3,{'fit_intercept': True},0.9452787791578844,0.6235596548789765,-0.3976729762288205,15.819726718947171,17.72866253092448,60.52690374080955,43.94570450844599,-0.2924041226332756,61.53883071892455,53.896414960579385,19
CurrentDensity_Complex,HGB,MF4,"{'learning_rate': 0.1, 'max_iter': 100, 'max_leaf_nodes': 7, 'min_samples_leaf': 10}",0.469366921322444,0.3457295755202538,0.6554036204899594,8.90906052851691,8.63468841315357,38.83620441057493,26.79919011352949,0.4679224010172494,41.73560874201874,33.79165665800606,1
CurrentDensity_Complex,SVR_rbf,MF4,"{'C': 4.0, 'gamma': 0.25}",0.4766879838287574,0.3487934553966054,0.6445699353858951,9.186569369328195,8.758477019160242,37.20492591332907,26.788600952930352,0.51168247967038,42.77220588225049,34.037426959882275,2
CurrentDensity_Complex,LGBM,MF4,"{'learning_rate': 0.1, 'max_depth': 2, 'min_child_samples': 10, 'n_estimators': 100}",0.486836593470714,0.3688728307205748,0.6292747376299425,9.3105745320992,9.062061560251928,41.80354737728614,29.97941515901476,0.3835076495883168,43.82957058890106,35.99013072453967,3
CurrentDensity_Complex,ET,MF4,"{'criterion': 'squared_error', 'max_features': 1.0, 'min_samples_split': 6, 'n_estimators': 50}",0.4907924001821736,0.3503460595589582,0.6232255801972815,8.942165815034512,8.793137958283557,37.82217147187108,26.70390197989724,0.4953452830048147,39.339896500886624,33.95240732841074,4
CurrentDensity_Complex,XGB,MF4,"{'learning_rate': 0.1, 'max_depth': 3, 'n_estimators': 25}",0.4921441945126826,0.3686050104266616,0.6211472149291121,9.446876958892387,9.187472222199052,39.057711922966966,28.23665665693617,0.4618355395436594,42.94207455578252,35.94543443791432,5
CurrentDensity_Complex,CB,MF4,"{'depth': 2, 'iterations': 100, 'learning_rate': 0.05}",0.4928245057415436,0.3392062327878286,0.6200990833146558,8.747474842191123,8.44501810857019,38.38009710199212,26.22076200552986,0.4803468588336256,40.7198720090181,32.76809094903638,6
CurrentDensity_Complex,KNN,MF4,"{'n_neighbors': 9, 'weights': 'distance'}",0.5020945600277847,0.3494336305532998,0.605672755976567,9.01666846818754,8.656470472691867,39.47143950632497,27.498763148360457,0.4503738985947852,42.92688974372834,33.6975272554751,7
CurrentDensity_Complex,Ridge,MF4,"{'alpha': 10.0, 'fit_intercept': True}",0.5127005023842705,0.38034878375783,0.5888377467290689,9.645972428642738,9.303282892434217,42.85193427890501,31.11911627599901,0.352198008456142,45.118990839062704,36.90612426406984,8
CurrentDensity_Complex,AB,MF4,"{'learning_rate': 0.05, 'n_estimators': 25}",0.5135550676233598,0.3769722918863057,0.5874659603007559,9.924341712863685,9.645278331200254,37.46523782796929,27.195967395593243,0.504825346739906,44.94524929697524,36.5763890359119,9
CurrentDensity_Complex,RF,MF4,"{'criterion': 'squared_error', 'max_features': 0.7, 'min_samples_split': 6, 'n_estimators': 150}",0.5179226281399212,0.3562513913841991,0.5804192807210269,9.14720522188284,9.002199271788621,37.99042490085925,26.1175368355543,0.4908453431136923,40.610975748272544,34.204082871434935,10
CurrentDensity_Complex,Elastic,MF4,"{'alpha': 0.1, 'fit_intercept': True, 'l1_ratio': 0.4}",0.5180048700487835,0.3954522438011155,0.5802860181172111,10.111215582632624,9.727214456361326,42.78839634606597,31.691590081101765,0.3541176177106758,47.10069898042235,38.43670337299759,11
CurrentDensity_Complex,SVR_sigmoid,MF4,"{'C': 0.25, 'gamma': 0.03125}",0.5185738558447116,0.3868122103759165,0.5793634690635105,10.099485450886515,9.655035409348404,40.42091229419832,29.77335171188092,0.4236137114394558,47.39140868266493,37.51362729080743,12
CurrentDensity_Complex,SVR_linear,MF4,{'C': 0.03125},0.5195270341218416,0.3818327731731044,0.5778157239161281,9.910852577805787,9.4466837924391,41.951447643108544,30.59459333275044,0.3791376530777418,48.05697551305978,37.001474633262994,13
CurrentDensity_Complex,GB,MF4,"{'learning_rate': 0.05, 'max_depth': 3, 'n_estimators': 50}",0.5320896735593557,0.3671903529956947,0.5571512609105826,9.457429203327813,9.39855401285036,37.44097421578592,26.219921814291627,0.5054665189783656,40.878196348922586,35.143468632715994,14
CurrentDensity_Complex,Lasso,MF4,"{'alpha': 0.1, 'fit_intercept': True}",0.5351443889646291,0.4169440868524502,0.552051894903667,10.737286161061135,10.318082957379026,43.61481682166713,32.51405380277321,0.3289273733367073,49.2189150764836,40.51252742416726,15
CurrentDensity_Complex,SVR_poly,MF4,"{'C': 4.0, 'degree': 3, 'gamma': 0.03125}",0.5731680833952129,0.4409812545647635,0.4861341588320309,11.643937740161622,11.56781623761957,44.34040823455444,34.41854189853056,0.3064132419055413,54.02890767821832,42.59954695908572,16
CurrentDensity_Complex,DT,MF4,"{'criterion': 'squared_error', 'max_features': 1.0, 'min_samples_split': 10}",0.589531819356606,0.4623499122654925,0.4563739584649442,11.735778296185554,11.483985046037755,43.68867022797039,34.19326419565458,0.3266527811664746,54.38463672366151,44.57380103785388,17
CurrentDensity_Complex,MLP,MF4,"{'activation': 'tanh', 'alpha': 0.1, 'hidden_layer_sizes': (16, 8), 'learning_rate_init': 0.001}",0.6619245848996114,0.4517274860281935,0.3146652158997237,11.25728433433634,11.598813231113306,46.52495782505587,32.83761019025243,0.2363868569498324,46.46261452139021,41.96953636821152,18
CurrentDensity_Complex,LR,MF4,{'fit_intercept': True},2.007244563674658,1.0042482075853267,-5.302115120850896,26.25050615164114,22.580449823314805,147.73052419822164,79.16507516395909,-6.699134315528153,123.95796665730276,67.84723816826939,19
CurrentDensity_Complex,LGBM,MF5,"{'learning_rate': 0.1, 'max_depth': 2, 'min_child_samples': 10, 'n_estimators': 100}",0.4740924174571278,0.3594817451040544,0.6484300314345681,9.114248374814707,8.853402502021087,40.50094957399879,29.177890395903525,0.4213288513852492,42.583555775952114,35.18345978703705,1
CurrentDensity_Complex,HGB,MF5,"{'learning_rate': 0.1, 'max_iter': 100, 'max_leaf_nodes': 7, 'min_samples_leaf': 10}",0.482079059021042,0.34853787994914,0.6364850431113802,9.00986835025476,8.713471110131708,39.34826668812181,26.91131610790602,0.4537988239319945,42.81810384641559,33.919062894965215,2
CurrentDensity_Complex,XGB,MF5,"{'learning_rate': 0.05, 'max_depth': 2, 'n_estimators': 50}",0.4827920678914115,0.3570308828733358,0.6354089496440504,9.042715274026248,8.82386546484976,39.289806220200816,28.083317031588177,0.4554206212125177,41.05896707434091,34.78858786861142,3
CurrentDensity_Complex,CB,MF5,"{'depth': 4, 'iterations': 50, 'learning_rate': 0.1}",0.4878866451478733,0.3484027904302275,0.6276737877176748,9.131224033091438,8.758670053304849,36.53485847366159,26.25067356069188,0.5291134593592599,42.42073054361733,33.82822776633715,4
CurrentDensity_Complex,ET,MF5,"{'criterion': 'squared_error', 'max_features': 0.7, 'min_samples_split': 6, 'n_estimators': 100}",0.5003709494531224,0.3569872080231553,0.6083754341895589,9.258030513618015,9.003860330431865,37.44516802702444,26.5797400236499,0.5053557261227546,41.85563640756288,34.5569027715671,5
CurrentDensity_Complex,SVR_rbf,MF5,"{'C': 1.0, 'gamma': 0.0009765625}",0.5067743147805013,0.3996582572145184,0.5982878738277133,10.430787426078563,9.946512015981108,40.75254584959534,30.97274520757706,0.4141169848780871,48.261721461425225,39.05032128578073,6
CurrentDensity_Complex,AB,MF5,"{'learning_rate': 0.05, 'n_estimators': 25}",0.5140707226644973,0.3631408982136603,0.5866371025280079,9.48025121454297,9.193050598205996,37.9098125829744,26.626402826075378,0.4930038128411631,43.573514877926186,35.06361828013352,7
CurrentDensity_Complex,SVR_linear,MF5,{'C': 1.0},0.5168619919798705,0.3870083053114314,0.5821360113118865,10.00904229871304,9.435435951986635,47.086640822736506,33.1789559867956,0.2178377776332538,51.23686652766765,37.53684643672426,8
CurrentDensity_Complex,KNN,MF5,"{'n_neighbors': 9, 'weights': 'distance'}",0.5177678232643919,0.3570706463442846,0.5806700650288938,9.27119991384603,8.899716347803723,39.40167413256904,27.30687831559927,0.4523150988034753,43.90583913715083,34.303989314663106,9
CurrentDensity_Complex,Elastic,MF5,"{'alpha': 0.1, 'fit_intercept': True, 'l1_ratio': 0.4}",0.5190451032524274,0.3958880996405602,0.5785986254861722,10.120169927874164,9.738966856011952,42.82383408456834,31.70802762963556,0.3530473233692189,47.11344126610745,38.46758988614719,10
CurrentDensity_Complex,Ridge,MF5,"{'alpha': 10.0, 'fit_intercept': True}",0.5233482606855918,0.3884439148197309,0.5715823824429673,9.878341717434184,9.512668470656251,43.215878325840194,31.57917672575052,0.3411476388554652,46.44493735461509,37.60750268568223,11
CurrentDensity_Complex,RF,MF5,"{'criterion': 'squared_error', 'max_features': 1.0, 'min_samples_split': 8, 'n_estimators': 150}",0.525534459191657,0.3605555017173288,0.5679956227948979,9.216106438315116,9.037088858440695,38.63367015185574,26.86376174976097,0.4734575939874683,41.37303874849053,34.564996179385474,12
CurrentDensity_Complex,GB,MF5,"{'learning_rate': 0.1, 'max_depth': 2, 'n_estimators': 25}",0.5275869855916423,0.3635105492045448,0.5646145621573934,9.2768405543709,9.128718683840344,38.635981951701005,27.132860045833496,0.4733945765693569,41.488949908963086,34.80591871486085,13
CurrentDensity_Complex,SVR_sigmoid,MF5,"{'C': 0.25, 'gamma': 0.03125}",0.5288457575389011,0.3932688125995541,0.5625345079145161,10.243951838303431,9.810366683597282,40.80861620160412,30.193949539110665,0.4125036738374541,48.05560069711657,38.0656377549183,14
CurrentDensity_Complex,Lasso,MF5,"{'alpha': 0.1, 'fit_intercept': True}",0.5351443889646291,0.4169440868524502,0.552051894903667,10.737286161061135,10.318082957379026,43.61481682166713,32.51405380277321,0.3289273733367073,49.2189150764836,40.51252742416726,15
CurrentDensity_Complex,SVR_poly,MF5,"{'C': 1.0, 'degree': 3, 'gamma': 0.03125}",0.5608457701063689,0.447942754861775,0.5079914510148069,12.022236900287544,11.458990624399528,42.21710063383384,33.772320901388696,0.3712496701011203,59.15022701810327,43.46576073110035,16
CurrentDensity_Complex,DT,MF5,"{'criterion': 'absolute_error', 'max_features': 1.0, 'min_samples_split': 10}",0.6260220338890474,0.5101207530778524,0.3869936266631747,12.936287370114544,12.7260834124271,47.28389232982742,37.97087192983864,0.2112709115905545,58.812465368220366,49.04591522525106,17
CurrentDensity_Complex,MLP,MF5,"{'activation': 'tanh', 'alpha': 0.1, 'hidden_layer_sizes': (16, 8), 'learning_rate_init': 0.001}",0.7125678066609987,0.4837291434082882,0.2057848885421656,12.39052069805728,13.409799088455545,45.2248554738166,32.54140830468607,0.2784676728178293,48.06444261899679,44.52652061637208,18
CurrentDensity_Complex,LR,MF5,{'fit_intercept': True},2.241234602589473,0.9891352868095986,-6.857065784303182,25.986543308592303,19.38091764638761,2409089.829194112,380970.2693862834,-2047422192.87803,1465114.104623017,66.56615911645233,19
CurrentDensity_Complex,LGBM,MF6,"{'learning_rate': 0.1, 'max_depth': 2, 'min_child_samples': 10, 'n_estimators': 100}",0.4744891328519579,0.3601435782963126,0.6478414053836519,9.119151036435085,8.851096777643187,40.8441479287813,29.503532911480782,0.4114801719957658,42.84179936795353,35.248009266643514,1
CurrentDensity_Complex,HGB,MF6,"{'learning_rate': 0.1, 'max_iter': 100, 'max_leaf_nodes': 7, 'min_samples_leaf': 10}",0.4826979378295449,0.3488938556335803,0.63555110455843,9.01594344737756,8.728797686371296,39.390078840110135,26.86964310709422,0.4526374014623642,42.651155790097306,33.95998573104755,2
CurrentDensity_Complex,XGB,MF6,"{'learning_rate': 0.05, 'max_depth': 2, 'n_estimators': 50}",0.4832425253123669,0.3582327850407382,0.6347282865931749,9.080451362784055,8.864599196397947,39.31101910153013,28.089182847765336,0.4548324169232458,41.11123280646415,34.91032193049238,3
CurrentDensity_Complex,CB,MF6,"{'depth': 3, 'iterations': 100, 'learning_rate': 0.05}",0.4979430770230617,0.3543093907308386,0.6121666524543146,9.225342850432169,8.87669617669911,37.697263275107886,26.84427431708737,0.4986730360372639,42.98408674816535,34.27008679972204,4
CurrentDensity_Complex,GB,MF6,"{'learning_rate': 0.1, 'max_depth': 2, 'n_estimators': 25}",0.5067903212203106,0.3486225814168213,0.5982624973146342,8.897570642865157,8.704033415050622,38.00816098102553,26.468347961914525,0.4903698277285482,40.33262208406818,33.51634894047893,5
CurrentDensity_Complex,KNN,MF6,"{'n_neighbors': 2, 'weights': 'distance'}",0.506963054279217,0.3904569458619926,0.5979885963708644,10.081742738318187,9.755450416493517,40.64224756373912,30.549691078010177,0.4172841215638352,46.99922751597487,38.11637791525456,6
CurrentDensity_Complex,SVR_rbf,MF6,"{'C': 1.0, 'gamma': 0.0009765625}",0.5109901893979344,0.3982282708435233,0.5915763561581642,10.324740333898305,9.890048346353945,41.07555094313977,31.026550228166894,0.4047927492553734,47.57313949179208,38.82285812142503,7
CurrentDensity_Complex,SVR_linear,MF6,{'C': 1.0},0.5120568447306462,0.3856205359279225,0.589869466445039,9.972087558098789,9.389512694896714,47.63500826869869,33.45033684408029,0.1995136911101971,51.23274512378666,37.45163614095319,8
CurrentDensity_Complex,ET,MF6,"{'criterion': 'squared_error', 'max_features': 0.7, 'min_samples_split': 4, 'n_estimators': 50}",0.517266158609768,0.3725048737405926,0.581482247970028,9.731360674853834,9.407950713795804,37.67293736735683,27.501982871875,0.4993198362370269,44.83280881189138,35.944962200452174,9
CurrentDensity_Complex,Elastic,MF6,"{'alpha': 0.1, 'fit_intercept': True, 'l1_ratio': 0.4}",0.5190451035027568,0.3958880999627959,0.5785986250796984,10.120169935510969,9.738966862968136,42.823834110430354,31.708027662429924,0.3530473225878083,47.113441315054274,38.467589917371896,10
CurrentDensity_Complex,RF,MF6,"{'criterion': 'squared_error', 'max_features': 0.7, 'min_samples_split': 2, 'n_estimators': 100}",0.5195855759127594,0.3563012568320793,0.5777205726939656,9.169213082989527,8.99305452794012,37.19768336140213,26.289750900251683,0.5118725792701482,41.63580358092768,34.120826906996435,11
CurrentDensity_Complex,Ridge,MF6,"{'alpha': 10.0, 'fit_intercept': True}",0.5240819042380673,0.3922624850943108,0.5703804060625777,9.989800646854793,9.620221273123578,43.29586453119271,31.79754364817378,0.3387065051137533,46.84246200490215,38.00458810804751,12
CurrentDensity_Complex,Lasso,MF6,"{'alpha': 0.1, 'fit_intercept': True}",0.5351443889646291,0.4169440868524502,0.552051894903667,10.737286161061135,10.318082957379026,43.61481682166713,32.51405380277321,0.3289273733367073,49.2189150764836,40.51252742416726,13
CurrentDensity_Complex,SVR_sigmoid,MF6,"{'C': 0.25, 'gamma': 0.03125}",0.5354120042945552,0.4037752032156186,0.5516037625615026,10.570497946783044,10.098597123733066,41.27125743161781,30.700550573935978,0.3991074488887628,49.76736175671677,39.12379973814522,14
CurrentDensity_Complex,AB,MF6,"{'learning_rate': 0.1, 'n_estimators': 50}",0.5359203804201454,0.3620821972038781,0.5507518497850251,9.35924209272438,9.134269679542772,38.615752510637904,26.79207100565501,0.4739458836127062,42.77260191968522,34.57612097630945,15
CurrentDensity_Complex,SVR_poly,MF6,"{'C': 0.25, 'degree': 2, 'gamma': 0.25}",0.543923331500792,0.4288098091441993,0.5372343361188627,11.263393010823194,10.745808166735028,45.797948099343344,34.19640193783514,0.2600651889145189,56.39016942086895,41.80056389709959,16
CurrentDensity_Complex,DT,MF6,"{'criterion': 'squared_error', 'max_features': 1.0, 'min_samples_split': 8}",0.570137484209683,0.4351133303474808,0.4915538753620218,10.531098556176085,10.792657116874182,42.091284602661325,33.27219908646949,0.3749917079096617,43.729859236442,41.77001084942855,17
CurrentDensity_Complex,MLP,MF6,"{'activation': 'relu', 'alpha': 0.1, 'hidden_layer_sizes': (16, 8), 'learning_rate_init': 0.001}",0.7024248792366788,0.6004800120294023,0.2282342123603434,14.298083379529883,14.50438550602518,63.447881526976914,49.37889812811202,-0.4201547487808938,62.74116399093711,57.49212200341511,18
CurrentDensity_Complex,LR,MF6,{'fit_intercept': True},2.3509092086994032,1.1445314230124848,-7.644850072929042,30.09074563854903,23.719699172069102,2793655.958798219,441803.1878737478,-2753260226.265297,1699015.1051034168,76.92233903565192,19
H2Rate_All,KNN,MF1,"{'n_neighbors': 3, 'weights': 'distance'}",0.274432571214079,0.1752922666683095,0.5945766355442434,146.7627118301386,46.55727268303613,0.6920675695266685,0.3702143252298904,0.547983598443079,190.50457254494287,53.479016600317706,1
H2Rate_All,SVR_sigmoid,MF1,"{'C': 0.25, 'gamma': 0.03125}",0.275565193075257,0.2078030667130095,0.5912232512335616,155.00008304489913,59.17124981133767,0.6817486204544644,0.4172522722047431,0.5613625257988919,193.1245743989815,67.91513980019218,2
H2Rate_All,SVR_rbf,MF1,"{'C': 4.0, 'gamma': 0.0009765625}",0.2762302639689082,0.2098369772793225,0.5892477217011848,155.7776687940849,59.647807549966814,0.6730655938915558,0.4182706352217883,0.5724647008474396,192.92351546202423,68.49574579459224,3
H2Rate_All,SVR_linear,MF1,{'C': 0.03125},0.2766534136777797,0.206835000527831,0.5879883170893372,143.54934279228445,56.4853408439539,0.6554309123287989,0.4148302955962059,0.5945745222727918,181.7622704812232,65.15010661003386,4
H2Rate_All,ET,MF1,"{'criterion': 'absolute_error', 'max_features': 0.7, 'min_samples_split': 6, 'n_estimators': 150}",0.2786656420037338,0.1789048009972109,0.5819730169908365,147.62753677403617,49.001287441691765,0.6893492743561679,0.3713664460556841,0.5515274747663135,194.5044996382712,56.08697373013566,5
H2Rate_All,Ridge,MF1,"{'alpha': 10.0, 'fit_intercept': True}",0.2839440812674195,0.2159241104229182,0.5659866335175291,170.10335283006796,60.81474625558047,0.6809881157454118,0.4289620065154966,0.5623405983427082,214.9477195796712,69.73060704149084,6
H2Rate_All,MLP,MF1,"{'activation': 'relu', 'alpha': 0.1, 'hidden_layer_sizes': (16, 8), 'learning_rate_init': 0.001}",0.2842693467488001,0.2052830057217282,0.5649917163304075,158.91965346054252,58.00851854290904,0.6793528628140588,0.4200208124476962,0.5644399728228254,204.46347578012723,66.37856191757949,7
H2Rate_All,CB,MF1,"{'depth': 2, 'iterations': 50, 'learning_rate': 0.1}",0.285448221283225,0.2171570771357683,0.5613762471633235,178.16598022130106,61.78952858444414,0.7148995471401765,0.4369650304848118,0.5176667066438263,222.3843492547661,70.80862257419278,8
H2Rate_All,LGBM,MF1,"{'learning_rate': 0.05, 'max_depth': 4, 'min_child_samples': 10, 'n_estimators': 50}",0.2889385234937421,0.2156612094790406,0.550584173389255,188.0890327157714,61.566407190409976,0.7553484657190301,0.4416283344782011,0.461541918765172,228.65228949953567,70.37007994765546,9
H2Rate_All,AB,MF1,"{'learning_rate': 0.1, 'n_estimators': 50}",0.2903189833278348,0.1983985623664974,0.5462795723151437,135.9034067012079,48.107027744428535,0.7234916854078869,0.4140405195647543,0.5060030297338711,184.8814233767944,56.156240334894015,10
H2Rate_All,Elastic,MF1,"{'alpha': 0.1, 'fit_intercept': True, 'l1_ratio': 0.4}",0.2910687053308805,0.2266259958051094,0.5439331642002756,192.967532409597,63.78589723988252,0.7159603757483719,0.4494126882774247,0.5162341904527055,241.5795590483729,73.09232486363801,11
H2Rate_All,GB,MF1,"{'learning_rate': 0.05, 'max_depth': 4, 'n_estimators': 25}",0.2914914874780548,0.2125992010981639,0.54260731262329,213.74653799256768,60.53184466633156,0.7258653779567222,0.4201444934282348,0.5027562183921195,270.33401506170094,68.86679021747575,12
H2Rate_All,RF,MF1,"{'criterion': 'squared_error', 'max_features': 0.7, 'min_samples_split': 10, 'n_estimators': 50}",0.2918279864097801,0.1970690924561531,0.541550671207015,153.2981343056223,50.37471167648048,0.7282851634234785,0.4149305030118825,0.4994354129672771,201.60913727781687,58.24613537345452,13
H2Rate_All,HGB,MF1,"{'learning_rate': 0.05, 'max_iter': 50, 'max_leaf_nodes': 7, 'min_samples_leaf': 10}",0.2924173075777363,0.2085199647328485,0.5396972047624256,161.8122069590116,56.030888672764576,0.7574374847053879,0.437168029754355,0.4585594420199488,209.48868398758984,64.62974240197964,14
H2Rate_All,Lasso,MF1,"{'alpha': 0.01, 'fit_intercept': True}",0.2946415603475356,0.2210077525357726,0.5326680475471686,174.3765227123142,61.10745410731293,0.7125447272449722,0.4412321316001955,0.5208390052165539,223.4295293695517,70.12497643098126,15
H2Rate_All,XGB,MF1,"{'learning_rate': 0.1, 'max_depth': 2, 'n_estimators': 25}",0.304024587705568,0.2216062731774167,0.5024292060822024,190.4925146331185,61.227563756211325,0.78021079325914,0.4496054324430323,0.4255118109969208,243.9562560053728,70.15111913986397,16
H2Rate_All,DT,MF1,"{'criterion': 'squared_error', 'max_features': 0.7, 'min_samples_split': 6}",0.3102104072909773,0.2061017607612761,0.4819756291132235,155.68133516954828,53.09795371355689,0.6855547583163514,0.4099629126745367,0.5564511111834598,208.36760984255184,60.37735831167905,17
H2Rate_All,LR,MF1,{'fit_intercept': True},0.3108978133893135,0.2288919554123001,0.4796772687561882,181.0180284555153,61.83516724949263,0.7441861084959904,0.4605134175281004,0.4773387361261108,243.58968651764053,70.95687860356928,18
H2Rate_All,SVR_poly,MF1,"{'C': 0.25, 'degree': 2, 'gamma': 0.03125}",0.3795001539548655,0.3095816187357967,0.2247150080206676,341.87543701875774,75.64097971494948,0.8563392607453284,0.5744456205769626,0.3079317783266699,438.0944366601484,86.51678345148598,19
H2Rate_All,KNN,MF2,"{'n_neighbors': 1, 'weights': 'uniform'}",0.2572329845724699,0.1504485185608557,0.6438025733866545,116.429131545389,38.15019765156919,0.6176298783791687,0.3302777777777778,0.639990641140837,174.2036468436245,44.39933874539577,1
H2Rate_All,ET,MF2,"{'criterion': 'absolute_error', 'max_features': 1.0, 'min_samples_split': 10, 'n_estimators': 50}",0.2698523543617886,0.1762959535982582,0.6079965519570926,124.6983976181077,47.05497045514419,0.683777097388887,0.3682103442879719,0.5587483959613095,164.14493611366962,54.35254218761205,2
H2Rate_All,SVR_rbf,MF2,"{'C': 1.0, 'gamma': 0.0009765625}",0.2790899862711052,0.204943511485586,0.5806989279942347,152.85937608208604,58.71279090911893,0.7078856881387673,0.4152063953926183,0.5270845958557278,188.9828515382136,67.40452424321367,3
H2Rate_All,Ridge,MF2,"{'alpha': 10.0, 'fit_intercept': True}",0.2797372211319886,0.206865997895667,0.5787518788774741,139.2782663020551,55.88528913537445,0.6832102759479413,0.4192639097975937,0.5594796494808119,180.6009094263192,64.72903753782377,4
H2Rate_All,LGBM,MF2,"{'learning_rate': 0.05, 'max_depth': 4, 'min_child_samples': 5, 'n_estimators': 100}",0.2806119728473713,0.1900192751296631,0.5761132335507321,125.9861827517132,49.68482001986324,0.7158434278488581,0.4094950441650026,0.5163922181217524,157.85809560994008,57.701512581947256,5
H2Rate_All,SVR_linear,MF2,{'C': 0.03125},0.2831290468001772,0.1979989008424682,0.568474645726109,125.61981950303225,52.003639062703535,0.7039369278793407,0.4095382728122373,0.5323459568205477,163.75609708067836,60.41107829539472,6
H2Rate_All,LR,MF2,{'fit_intercept': True},0.2841254266834383,0.2152329208186066,0.565432077369157,128.08826872303482,61.68785442820176,0.7132810848746428,0.4434741547643612,0.5198481448437311,157.22633498969265,70.97045506616253,7
H2Rate_All,Lasso,MF2,"{'alpha': 0.001, 'fit_intercept': True}",0.2843772762272147,0.2155829234226976,0.5646613315698186,132.28009152938424,61.184229920115065,0.7116927372619931,0.4422218575638641,0.5219841861030677,165.00577570581112,70.48311440592657,8
H2Rate_All,CB,MF2,"{'depth': 2, 'iterations': 50, 'learning_rate': 0.1}",0.2847232631276788,0.2023998517612602,0.5636013797680233,161.54873560307908,57.88342695915285,0.7383109448573499,0.4123701725781297,0.4855587207026351,203.39191378416623,66.22590626446086,9
H2Rate_All,RF,MF2,"{'criterion': 'squared_error', 'max_features': 1.0, 'min_samples_split': 10, 'n_estimators': 50}",0.285146119566196,0.190855076503515,0.5623041833640187,143.7116642052877,49.81184803568504,0.7240164574346338,0.3999896287130086,0.5052861457320366,191.10570982977373,57.54616850084163,10
H2Rate_All,AB,MF2,"{'learning_rate': 0.1, 'n_estimators': 100}",0.2875939665554242,0.204215088206418,0.5547570971372906,140.20255557120726,52.58287780707556,0.7466386360379507,0.4246901192916396,0.4738881117797493,183.4189240556792,61.169625434072415,11
H2Rate_All,Elastic,MF2,"{'alpha': 0.1, 'fit_intercept': True, 'l1_ratio': 0.4}",0.2889982092184551,0.2173921933520248,0.55039848350992,166.66213327983667,61.12868029044516,0.7194774521268079,0.4313679588618219,0.5114696240588273,209.68414409673733,70.23478018875258,12
H2Rate_All,SVR_sigmoid,MF2,"{'C': 0.25, 'gamma': 0.03125}",0.2892332116986236,0.203022986734862,0.5496669881135259,144.80983376424854,57.22916671889069,0.7739699211358084,0.4243556420590646,0.4346656653047324,184.44906315219225,65.75103417432412,13
H2Rate_All,HGB,MF2,"{'learning_rate': 0.05, 'max_iter': 50, 'max_leaf_nodes': 7, 'min_samples_leaf': 10}",0.2895663748133604,0.202592728081883,0.548628927794576,154.53551357062838,52.20159049706688,0.7676110636696695,0.435584107202325,0.4439169624747516,204.9951276056737,60.74813121000925,14
H2Rate_All,MLP,MF2,"{'activation': 'tanh', 'alpha': 0.1, 'hidden_layer_sizes': (16,), 'learning_rate_init': 0.001}",0.290604532699399,0.2179070555731577,0.5453866007496029,116.17212524826296,65.4958923547419,0.7438074438480453,0.4518165166596918,0.4778704928709356,135.34315931740144,74.88320365622847,15
H2Rate_All,GB,MF2,"{'learning_rate': 0.1, 'max_depth': 4, 'n_estimators': 25}",0.2924058855914721,0.18005015073031,0.5397331634378285,147.12323199036962,48.18131478154777,0.7641657819508512,0.3787823594335469,0.448897513991717,196.3334056275732,55.15208003244454,16
H2Rate_All,XGB,MF2,"{'learning_rate': 0.1, 'max_depth': 2, 'n_estimators': 25}",0.2944006792374306,0.2078953365661663,0.5334318598454961,161.21332508984705,57.22337895249097,0.7827702410824382,0.433396608574004,0.4217364612980815,205.235136046496,65.88401179038017,17
H2Rate_All,DT,MF2,"{'criterion': 'squared_error', 'max_features': 1.0, 'min_samples_split': 8}",0.3143482902102416,0.1933133688482035,0.46806364980744,111.30652880811556,46.95999438002556,0.8067580357472749,0.4126497341138052,0.3857519360519679,153.57014451461123,54.37075577085624,18
H2Rate_All,SVR_poly,MF2,"{'C': 1.0, 'degree': 2, 'gamma': 0.03125}",0.3918380175803824,0.3193411037005277,0.1734852560006338,335.56634231387096,76.20775369529791,1.110740052875124,0.6537135122821786,-0.1643460167423225,429.5470003548632,87.66451793112974,19
H2Rate_All,ET,MF3,"{'criterion': 'squared_error', 'max_features': 1.0, 'min_samples_split': 10, 'n_estimators': 50}",0.2607096047830412,0.1746531879198599,0.634109168835375,121.66383079921783,45.566838582609954,0.6673409465192033,0.3710715722168756,0.5797064332865713,160.01677813537734,53.04802075043254,1
H2Rate_All,KNN,MF3,"{'n_neighbors': 3, 'weights': 'distance'}",0.2633940538074297,0.1662984692039802,0.6265354388651403,117.8553004959128,42.43537598148362,0.6803716696244528,0.357488504279653,0.5631325984455022,162.2892391208558,49.41447495237181,2
H2Rate_All,SVR_linear,MF3,{'C': 0.03125},0.2767902994936193,0.1916757623435376,0.58758049629024,117.2018001205528,51.18250581501057,0.6802876941136834,0.3949707213318664,0.5632404333269644,151.35686378027248,59.38214996156936,3
H2Rate_All,LGBM,MF3,"{'learning_rate': 0.1, 'max_depth': 2, 'min_child_samples': 10, 'n_estimators': 100}",0.2768053194736404,0.1944545051839966,0.5875357353228938,130.66648108507206,57.230258154205714,0.7243324667804805,0.4171673430644766,0.5048541988688717,166.3686226784867,65.46369274008647,4
H2Rate_All,SVR_rbf,MF3,"{'C': 1.0, 'gamma': 0.03125}",0.2814252294950379,0.2032379579868986,0.5736526951381666,143.69546505563795,56.72332170533744,0.7099485469865714,0.4212130525157175,0.5243243220296827,180.78132910068604,65.37369003032677,5
H2Rate_All,Ridge,MF3,"{'alpha': 10.0, 'fit_intercept': True}",0.2814957656599844,0.2073250290189111,0.5734389497494046,142.74334311446165,56.542181688068695,0.684248532015004,0.4200205352766237,0.558139738559384,182.5980376700444,65.38943014280791,6
H2Rate_All,GB,MF3,"{'learning_rate': 0.1, 'max_depth': 2, 'n_estimators': 100}",0.2834393226090819,0.185618810016939,0.5675283264086622,145.60274013677932,53.621068717075005,0.7375814888351183,0.3891672773372211,0.4865747611963801,188.1989588848378,61.05120640842452,7
H2Rate_All,CB,MF3,"{'depth': 3, 'iterations': 100, 'learning_rate': 0.1}",0.2841748404610261,0.194456487362801,0.5652809081462926,150.77810926048383,51.8887811761647,0.7425874978282162,0.4026318095762438,0.4795818160379189,190.4203159862981,59.89078055170235,8
H2Rate_All,Elastic,MF3,"{'alpha': 0.01, 'fit_intercept': True, 'l1_ratio': 0.7}",0.2879655916847147,0.2116773089042603,0.5536056796846263,139.30109552459473,60.48704278279434,0.7047802219897094,0.4298883910548201,0.5312248162581183,177.80465600900976,69.54391628829222,9
H2Rate_All,Lasso,MF3,"{'alpha': 0.01, 'fit_intercept': True}",0.2894116109145669,0.211426357695977,0.5491112854516451,140.5385326911794,55.53971657551995,0.7067066393845671,0.4296704998906543,0.5286586521431793,180.66260042899484,64.53388655287635,10
H2Rate_All,AB,MF3,"{'learning_rate': 0.1, 'n_estimators': 100}",0.28979569431387,0.2020567469445824,0.5479137261411966,132.06942226068924,53.9612034520898,0.7494001018406178,0.4211666859894971,0.469989233248744,172.35435238331218,62.38446115662134,11
H2Rate_All,HGB,MF3,"{'learning_rate': 0.1, 'max_iter': 100, 'max_leaf_nodes': 7, 'min_samples_leaf': 5}",0.2912667718861029,0.1899510605130184,0.5433122639117782,153.78004529845603,57.70611361372164,0.7312819887177291,0.4017935489496469,0.4953073843148287,203.58614248415304,65.28142276870568,12
H2Rate_All,RF,MF3,"{'criterion': 'absolute_error', 'max_features': 0.7, 'min_samples_split': 4, 'n_estimators': 100}",0.2927670191416436,0.195077382228977,0.5385955636295506,156.67972970506,51.67534792236841,0.7360811698335227,0.4081966235967151,0.4886613596690701,208.3905852898523,59.4702425045992,13
H2Rate_All,XGB,MF3,"{'learning_rate': 0.1, 'max_depth': 2, 'n_estimators': 50}",0.2951973046888607,0.1994925660901504,0.5309034490757363,142.43351035773688,51.84059869884585,0.7684964131494268,0.4206184242516115,0.4426334693815945,186.8993202788757,60.09580536841524,14
H2Rate_All,SVR_sigmoid,MF3,"{'C': 0.25, 'gamma': 0.03125}",0.2963506604707107,0.2063241779264998,0.5272307044998722,141.19220481479533,58.41258635840122,0.7981614244778844,0.4319821417109836,0.3987727378560122,175.63380601127517,66.9633358372153,15
H2Rate_All,DT,MF3,"{'criterion': 'squared_error', 'max_features': 1.0, 'min_samples_split': 8}",0.3137096990413473,0.2044032776631211,0.4702226869661147,142.35278310961957,51.36588629209216,0.7205073932155109,0.4102722708657803,0.5100699481024888,204.0281720451885,58.7366769238535,16
H2Rate_All,LR,MF3,{'fit_intercept': True},0.3225694521318611,0.232753877619029,0.4398763150573278,144.92881634120215,61.778113523862544,0.7738093790463897,0.4776546173618647,0.434900171943327,187.4581280349931,71.16416293143757,17
H2Rate_All,MLP,MF3,"{'activation': 'relu', 'alpha': 0.1, 'hidden_layer_sizes': (16, 8), 'learning_rate_init': 0.001}",0.3526923472377571,0.2459061096458329,0.3303782725690578,206.9313095120281,65.64182427164017,0.920218634844452,0.5306993293309256,0.2008298688399267,305.5123275529158,74.97723450159168,18
H2Rate_All,SVR_poly,MF3,"{'C': 0.25, 'degree': 3, 'gamma': 0.03125}",0.3900923017866082,0.2951430416842236,0.1808334236869981,236.82242558605464,73.58328806968336,2.4687830379932127,0.7915040552763588,-4.752055214453221,287.7876543315428,85.38252945237797,19
H2Rate_All,KNN,MF4,"{'n_neighbors': 1, 'weights': 'uniform'}",0.2486674480609196,0.1452402770470872,0.6671294765012086,105.97632750096344,35.619682966981344,0.5899764590407165,0.3147222222222222,0.6715066649102421,150.09460415136684,41.441877136467326,1
H2Rate_All,SVR_linear,MF4,{'C': 0.25},0.2743201000410414,0.1961224832191006,0.594908878159117,109.43444952262294,62.96340632375095,0.742788910172918,0.4154582840847399,0.4792994712314995,126.0847603022133,71.38257613556114,2
H2Rate_All,SVR_rbf,MF4,"{'C': 1.0, 'gamma': 0.03125}",0.2743436335834451,0.2004811709907565,0.5948393707623709,142.60885550368656,57.212528542945385,0.6961595978875734,0.4134031853288152,0.542622468043479,176.55693687624253,65.80089711551193,3
H2Rate_All,Ridge,MF4,"{'alpha': 10.0, 'fit_intercept': True}",0.2764564694899792,0.2073485666409931,0.58857471450989,139.41607486743197,57.21982581938515,0.6923225122603488,0.4272787748180365,0.5476505109591241,174.36249128134267,66.21371203632937,4
H2Rate_All,ET,MF4,"{'criterion': 'squared_error', 'max_features': 1.0, 'min_samples_split': 4, 'n_estimators': 50}",0.2764852616477768,0.1771886257055076,0.5884890124923683,130.59881700102926,45.625491948519056,0.7079152397206153,0.3794125516144798,0.5270451101302293,175.71723776596127,52.88559418378447,5
H2Rate_All,LGBM,MF4,"{'learning_rate': 0.1, 'max_depth': 4, 'min_child_samples': 5, 'n_estimators': 100}",0.2823574257643804,0.1873925166701649,0.570823541482055,130.57986996852318,50.773612173847695,0.7606197380197981,0.4136918647904876,0.4540003318554193,163.75692132671145,58.692409884126526,6
H2Rate_All,CB,MF4,"{'depth': 4, 'iterations': 100, 'learning_rate': 0.05}",0.2824787443201773,0.1972650399376827,0.57045465971005,159.47275946667295,55.87277339269634,0.7277022929345,0.4054286579928808,0.5002363288336977,202.67826933404388,63.98626894284468,7
H2Rate_All,GB,MF4,"{'learning_rate': 0.1, 'max_depth': 2, 'n_estimators': 100}",0.2866570395810894,0.1881360197238072,0.5576534066553099,137.3595467072948,55.58295015930772,0.7371217781842181,0.3893699919368736,0.4872145643917772,180.28891295323552,63.10554667206426,8
H2Rate_All,Elastic,MF4,"{'alpha': 0.01, 'fit_intercept': True, 'l1_ratio': 0.4}",0.2873152178316062,0.2148399824423212,0.555619776876926,125.9374895451603,56.732416609145154,0.7605454000559466,0.4558524292282371,0.4541070514634919,156.76246630919465,66.1781945217421,9
H2Rate_All,Lasso,MF4,"{'alpha': 0.01, 'fit_intercept': True}",0.2916809865393752,0.214007087572185,0.5420124159448627,138.97419080211887,57.07002263535751,0.7217531708159721,0.4407310905916016,0.5083742776871886,178.20667056131612,66.21785429409881,10
H2Rate_All,AB,MF4,"{'learning_rate': 0.1, 'n_estimators': 25}",0.2920540535024325,0.1922916865265379,0.5408401125584246,118.060009843832,49.12198560415778,0.7512429123757314,0.4027033121899642,0.4673793848919503,158.73009650459582,56.84819582451469,11
H2Rate_All,RF,MF4,"{'criterion': 'squared_error', 'max_features': 0.7, 'min_samples_split': 4, 'n_estimators': 100}",0.2943303064673118,0.1941989758946395,0.5336548876477201,155.76268437726657,50.97890710235459,0.7404480815272982,0.41003126005078,0.4825761764145362,210.58744742673625,58.71178903441291,12
H2Rate_All,DT,MF4,"{'criterion': 'squared_error', 'max_features': 0.7, 'min_samples_split': 8}",0.2944717817951124,0.1873372363350319,0.5332064650248245,145.4426046432661,47.57628249234755,0.7333896261528203,0.3930017760300246,0.4923940295997212,203.5917982044015,54.67270370590245,13
H2Rate_All,HGB,MF4,"{'learning_rate': 0.1, 'max_iter': 50, 'max_leaf_nodes': 15, 'min_samples_leaf': 5}",0.2970544318366204,0.1989865179983887,0.5249825801690498,149.19448760253258,52.27703445797332,0.7538638520712015,0.4284227294246363,0.4636564835057526,197.9212041468448,60.41287742019876,14
H2Rate_All,XGB,MF4,"{'learning_rate': 0.1, 'max_depth': 2, 'n_estimators': 25}",0.2988947226419981,0.210720652625647,0.5190787598917518,157.0004444369458,57.4334751922264,0.7865533561584206,0.4397201870057113,0.4161334789585789,200.8025199943753,66.18437639315617,15
H2Rate_All,MLP,MF4,"{'activation': 'tanh', 'alpha': 0.1, 'hidden_layer_sizes': (8,), 'learning_rate_init': 0.001}",0.3235891978860628,0.2413775618812843,0.4363292550768497,172.4107026661801,62.63919089927378,0.7730785511448687,0.4919308007675151,0.4359670902494457,228.4929174503561,72.19134796766126,16
H2Rate_All,SVR_poly,MF4,"{'C': 1.0, 'degree': 3, 'gamma': 0.03125}",0.3510354163172217,0.2576971833067128,0.3366551919663195,197.6044243348442,63.45281186534755,1.757490489697653,0.653685280141736,-1.9150309063765976,245.1491840358591,74.15597579171401,17
H2Rate_All,LR,MF4,{'fit_intercept': True},0.3758254456715404,0.2703917289773072,0.2396565196293014,166.01138444320603,74.61026539629194,1.0026160052086486,0.5714707563629403,0.0513053251667517,190.9241001035104,84.33513886229902,18
H2Rate_All,SVR_sigmoid,MF4,"{'C': 0.25, 'gamma': 0.03125}",0.4742397428610541,0.2787434609155216,-0.2106911201671146,127.3675455751314,69.5241439542148,1.0685044426537038,0.5492788014546441,-0.0774815960903898,149.88340516559185,77.7231854066468,19
H2Rate_All,KNN,MF5,"{'n_neighbors': 1, 'weights': 'uniform'}",0.2698687319535196,0.1598431868487634,0.607948968401526,132.05003196994687,39.78112078211546,0.6205015892181277,0.3361111111111111,0.6366350837939032,186.36593214680343,45.765342449946445,1
H2Rate_All,ET,MF5,"{'criterion': 'squared_error', 'max_features': 0.7, 'min_samples_split': 2, 'n_estimators': 100}",0.2721805389843977,0.1721128645773438,0.6012032561935958,131.93285891459612,44.71754237032625,0.6850650774410878,0.3688090870470503,0.557084524736891,182.117242144955,51.74517424766757,2
H2Rate_All,SVR_linear,MF5,{'C': 0.03125},0.2763956377805603,0.1914031060223682,0.5887557553073977,116.6827554710764,51.26806283360021,0.6878551134246271,0.4000197815307684,0.5534694915132937,151.81562805111773,59.50717819142595,3
H2Rate_All,Ridge,MF5,"{'alpha': 10.0, 'fit_intercept': True}",0.2788452163235497,0.2073923381998393,0.581434083683874,145.19157638913953,57.67924179371524,0.6939583806050335,0.4269659652050708,0.5455102990199917,183.8969903772722,66.58924651377437,4
H2Rate_All,MLP,MF5,"{'activation': 'tanh', 'alpha': 0.1, 'hidden_layer_sizes': (16,), 'learning_rate_init': 0.001}",0.2788689834215588,0.2111082323056206,0.5813627285339045,134.33172405416707,61.61996019258642,0.6509979767247673,0.4171296769656106,0.6000400788505992,159.68679136081278,70.25956553548431,5
H2Rate_All,SVR_rbf,MF5,"{'C': 32.0, 'gamma': 0.0009765625}",0.2803417090504335,0.1974936563006305,0.5769293503937468,117.0367094256449,59.97612499489241,0.7085459007701453,0.4147670248856745,0.5262020513220866,149.33047512045778,68.43327531580763,6
H2Rate_All,GB,MF5,"{'learning_rate': 0.05, 'max_depth': 2, 'n_estimators': 100}",0.2823063880270232,0.1869379491562902,0.5709786797126537,143.8345946950572,50.49711847208563,0.7339776016119657,0.3921071078720286,0.491579784391024,186.34642425804967,58.07693532675637,7
H2Rate_All,CB,MF5,"{'depth': 3, 'iterations': 100, 'learning_rate': 0.05}",0.2876499766134825,0.2031354192939202,0.5545836546306006,164.82757595559633,57.390353041870256,0.7531164183395974,0.4181451574306177,0.4647194937665702,209.6097875794512,65.7579555863017,8
H2Rate_All,LGBM,MF5,"{'learning_rate': 0.1, 'max_depth': 3, 'min_child_samples': 10, 'n_estimators': 100}",0.2882085080496879,0.2008639419400115,0.5528522409049251,140.09699548767577,57.70303537624155,0.7516322093214848,0.4324196824414676,0.466827229791533,179.50721261389876,66.01092127580641,9
H2Rate_All,AB,MF5,"{'learning_rate': 0.1, 'n_estimators': 100}",0.2900512934371904,0.1987947513231238,0.5471158963859203,134.18876841231076,53.958276562660814,0.7422977567818109,0.4152090336174284,0.4799878479004734,175.76176093154393,62.06818111159033,10
H2Rate_All,HGB,MF5,"{'learning_rate': 0.1, 'max_iter': 50, 'max_leaf_nodes': 15, 'min_samples_leaf': 5}",0.2909817029927393,0.1962115904130129,0.5442057661681148,148.5264930637576,51.04070794972338,0.742497866203774,0.425019195637609,0.4797074392465812,198.42146472450145,59.11758656525801,11
H2Rate_All,Elastic,MF5,"{'alpha': 0.1, 'fit_intercept': True, 'l1_ratio': 0.4}",0.2923107230576243,0.2168603257285169,0.5400326993450215,170.48734000364877,60.53085013880223,0.7253255483906293,0.4339498195869672,0.503495548542947,217.0508688598781,69.57781796500619,12
H2Rate_All,XGB,MF5,"{'learning_rate': 0.1, 'max_depth': 3, 'n_estimators': 50}",0.2925334404925143,0.1944061795186987,0.5393315155987879,134.50901786418748,52.817591115846575,0.7697413232960666,0.4107340222499557,0.4408262175875804,176.8428910541859,60.8397479755229,13
H2Rate_All,RF,MF5,"{'criterion': 'squared_error', 'max_features': 0.7, 'min_samples_split': 2, 'n_estimators': 50}",0.2968434088175491,0.1950612568083411,0.5256572309733882,160.22010087288294,51.14849194637381,0.740777303348093,0.4103495566958061,0.4821159548597785,215.8794260312877,58.821623755389886,14
H2Rate_All,Lasso,MF5,"{'alpha': 0.01, 'fit_intercept': True}",0.2972411878633789,0.2163470395716977,0.5243851122111438,146.36564251699983,57.4607018860231,0.7305676448574328,0.4450123544459832,0.4962929083401645,191.98741933249224,66.59996459222326,15
H2Rate_All,DT,MF5,"{'criterion': 'squared_error', 'max_features': 1.0, 'min_samples_split': 10}",0.3010313329075598,0.1858858960875733,0.5121785786351628,147.8890446009397,46.904599124360935,0.7569271412232658,0.392417477308569,0.4592888159316796,209.81937533640468,53.70099278491973,16
H2Rate_All,SVR_poly,MF5,"{'C': 0.25, 'degree': 3, 'gamma': 0.03125}",0.3802362725886695,0.2767612051761847,0.2217044415169842,217.02788202815967,68.26896232657327,2.2829966121555976,0.7469403554510509,-3.918897020962447,275.1627044894108,79.44453241699908,17
H2Rate_All,LR,MF5,{'fit_intercept': True},0.4280209074063915,0.3005631627328131,0.0137944758212541,213.24496881565804,73.95920052456113,1.0865365126179032,0.6208572701667191,-0.1141555984280655,232.2745827009796,83.622607039035,18
H2Rate_All,SVR_sigmoid,MF5,"{'C': 0.25, 'gamma': 0.03125}",0.7225236314707384,0.407844897557163,-1.81022812710223,208.4136155420913,97.76969323852084,1.233009247693258,0.7142151305041379,-0.434795031842939,249.41841834021616,106.6481549414793,19
H2Rate_All,SVR_rbf,MF6,"{'C': 4.0, 'gamma': 0.03125}",0.2608500196213024,0.1914221689309858,0.633714934512605,137.0064498533113,56.02837350145086,0.6569849016494971,0.39369199344362,0.59264976184497,165.50857641998496,64.03068274814417,1
H2Rate_All,KNN,MF6,"{'n_neighbors': 2, 'weights': 'distance'}",0.2656365430966352,0.1683783623338113,0.62014914892131,164.27927913125987,43.84749831130727,0.6315384869200165,0.3418367175687201,0.6235937369936682,219.16037578704555,50.39323059187034,2
H2Rate_All,LGBM,MF6,"{'learning_rate': 0.1, 'max_depth': 4, 'min_child_samples': 5, 'n_estimators': 25}",0.2662370757262853,0.1883020865675079,0.6184297267467455,148.2478034302919,50.86811366051359,0.7040813605133506,0.4056475053014897,0.532154032141156,182.2845275627388,58.9237755115073,3
H2Rate_All,HGB,MF6,"{'learning_rate': 0.05, 'max_iter': 50, 'max_leaf_nodes': 15, 'min_samples_leaf': 5}",0.2817576205855259,0.1946527008755902,0.5726449835338359,163.50826746322193,51.176051333020645,0.7348097979748422,0.4245724088392493,0.4904262197170759,210.1373554317106,59.31519820453873,4
H2Rate_All,ET,MF6,"{'criterion': 'squared_error', 'max_features': 0.7, 'min_samples_split': 2, 'n_estimators': 50}",0.281845920598624,0.1789394325335808,0.5723770840077858,140.3534537663014,46.20274978804176,0.720485157783202,0.3865799794843452,0.5101001868995141,192.2208504102667,53.49689610958347,5
H2Rate_All,Ridge,MF6,"{'alpha': 10.0, 'fit_intercept': True}",0.2846513872404628,0.2131306489019663,0.5638216819559159,149.75042103607598,58.93729857080072,0.7206386836329542,0.4445450607167229,0.5098913823248235,189.67851252550147,68.03950122661486,6
H2Rate_All,CB,MF6,"{'depth': 4, 'iterations': 50, 'learning_rate': 0.1}",0.2872966793945387,0.2045977641908286,0.5556771205086952,161.2483252420207,55.71651150608735,0.7426883660535532,0.4256726614813627,0.4794404260360663,206.53476179518435,64.1883350002678,7
H2Rate_All,Elastic,MF6,"{'alpha': 0.1, 'fit_intercept': True, 'l1_ratio': 0.4}",0.2883835131922967,0.2155955730247806,0.5523090444794896,161.77511400157425,58.87473312220425,0.7123375614816055,0.430166259898532,0.5211175879333065,204.57909984433496,67.986742544729,8
H2Rate_All,AB,MF6,"{'learning_rate': 0.1, 'n_estimators': 100}",0.2895678991828376,0.2005096062142027,0.5486241754603527,151.81329918541982,53.18649821268271,0.7160641383347616,0.4165969581875478,0.5160939580299009,197.6627472370276,61.27785001415984,9
H2Rate_All,RF,MF6,"{'criterion': 'squared_error', 'max_features': 0.7, 'min_samples_split': 2, 'n_estimators': 100}",0.2923879371792611,0.1969031791223615,0.5397896657572223,167.13367959739932,51.63860574607049,0.7327693519254991,0.4142188122459467,0.4932522957748846,220.10175149281483,59.46386878753491,10
H2Rate_All,GB,MF6,"{'learning_rate': 0.1, 'max_depth': 3, 'n_estimators': 25}",0.2935175377467644,0.1997350169571278,0.5362268782381574,168.9699726638204,53.04522149364773,0.7555557067163517,0.4163829160779614,0.4612464103922856,218.29103980546768,61.08351820284638,11
H2Rate_All,XGB,MF6,"{'learning_rate': 0.1, 'max_depth': 2, 'n_estimators': 25}",0.2937800725092145,0.2107583538025292,0.5353968697865104,164.2816232453937,57.51661524970994,0.7664635058431285,0.4444146972990702,0.4455783779310177,207.8922478484218,66.32352191765351,12
H2Rate_All,Lasso,MF6,"{'alpha': 0.01, 'fit_intercept': True}",0.2948363731202898,0.2211456175455006,0.5320498568801366,148.8973833603303,61.19926227712212,0.7345576628717525,0.4585975204089403,0.4907758595696627,190.7772149552836,70.59263174620925,13
H2Rate_All,SVR_linear,MF6,{'C': 0.03125},0.2984241235959943,0.2095567140851967,0.520591954287292,129.83604682795428,53.94369779801421,0.7672342012463611,0.4470232790055367,0.4444628518374073,171.88505415100215,62.737753114785775,14
H2Rate_All,DT,MF6,"{'criterion': 'squared_error', 'max_features': 1.0, 'min_samples_split': 10}",0.3155681545333254,0.2103795159918486,0.4639271601741594,162.61329151855796,54.44872350281462,0.7758068704160366,0.4331760624690619,0.4319789384602552,226.43072658833643,62.29480046127168,15
H2Rate_All,MLP,MF6,"{'activation': 'tanh', 'alpha': 0.1, 'hidden_layer_sizes': (16, 8), 'learning_rate_init': 0.001}",0.3216997914655394,0.2254865799706154,0.4428924772467689,158.5657720742879,70.13615147392318,0.8020868194367591,0.4494810461731892,0.392844468660986,183.9180562708551,78.32938567270394,16
H2Rate_All,SVR_poly,MF6,"{'C': 4.0, 'degree': 3, 'gamma': 0.03125}",0.3590880778676067,0.2537911874704944,0.3058722026384325,189.70209353752463,66.88160873130887,1.6593968110574455,0.6431739499704866,-1.5987092889485988,246.35401837109225,77.12667949215982,17
H2Rate_All,LR,MF6,{'fit_intercept': True},0.6103759489209554,0.3906211920514794,-1.0055444366992607,299.9175146386379,80.6327463601202,2.023730828340469,0.9376885340189882,-2.865117415296011,413.4100861803083,90.48328533671088,18
H2Rate_All,SVR_sigmoid,MF6,"{'C': 0.25, 'gamma': 0.03125}",0.8581394315138502,0.5338602230403617,-2.964178307185211,279.7448258158129,115.0904756827815,1.4087134865566175,0.9344313798263512,-0.8728480421288669,355.3424148465017,124.99486688757766,19
H2Rate_Acetate,AB,MF1,"{'learning_rate': 0.05, 'n_estimators': 100}",0.2721043030065868,0.2032018810715091,0.643144211237162,68.26306661950927,36.40159405199729,0.7983513492145254,0.5088159770337801,0.606577697584306,85.06618159376164,46.48673160362377,1
H2Rate_Acetate,ET,MF1,"{'criterion': 'squared_error', 'max_features': 0.7, 'min_samples_split': 4, 'n_estimators': 150}",0.2814696779148003,0.1953783790882156,0.6181567137542434,82.57718598626941,34.27367069370716,0.8564222788690632,0.5051643083133276,0.5472621945073655,104.67669655596823,43.57992544082551,2
H2Rate_Acetate,HGB,MF1,"{'learning_rate': 0.05, 'max_iter': 100, 'max_leaf_nodes': 7, 'min_samples_leaf': 5}",0.2836799387829776,0.1927846656404432,0.6121362645177604,69.30427736395522,33.75619282452943,0.8244239359944365,0.4951792678280097,0.5804612949819992,89.13232141529971,42.97051256102424,3
H2Rate_Acetate,RF,MF1,"{'criterion': 'absolute_error', 'max_features': 0.7, 'min_samples_split': 4, 'n_estimators': 50}",0.2850879239911573,0.2066379174153027,0.6082765510227072,90.20648053654202,35.74402290920145,0.8838213679023736,0.5305547588562467,0.5178303805880868,113.72076733775268,45.7329913392924,4
H2Rate_Acetate,SVR_sigmoid,MF1,"{'C': 1.0, 'gamma': 0.03125}",0.2860589042200901,0.219664494810568,0.6056036671970793,98.4198211371466,39.41538465435668,0.859151892784821,0.5375707307057733,0.5443716372846911,125.98503803471384,49.90585260873104,5
H2Rate_Acetate,SVR_linear,MF1,{'C': 0.03125},0.2868632801924339,0.2212988825669048,0.6033825235056848,97.95322774902208,39.41393123748709,0.8566738360202774,0.5451833281536993,0.5469961898463604,125.59913002829586,50.00243758110084,6
H2Rate_Acetate,SVR_rbf,MF1,"{'C': 32.0, 'gamma': 0.0009765625}",0.2930365904054533,0.2264473522571831,0.5861283945470332,89.1749680546953,39.43706797179611,0.93380388697907,0.5889827765000186,0.461752274580355,114.64239721446177,50.44914479099148,7
H2Rate_Acetate,Elastic,MF1,"{'alpha': 0.1, 'fit_intercept': True, 'l1_ratio': 0.4}",0.2934763808948363,0.2180989201984383,0.5848851820088292,84.67032034409495,40.6756628745336,0.8643007889738362,0.5390059044795789,0.5388941125370298,108.64562120838774,51.00796389845527,8
H2Rate_Acetate,GB,MF1,"{'learning_rate': 0.1, 'max_depth': 2, 'n_estimators': 100}",0.2939784336888508,0.1958808707360076,0.5834636855486259,68.7714979174339,32.2562081327636,0.8310910030152655,0.5014931190641345,0.5736482889494396,89.1120107899287,41.507465879115856,9
H2Rate_Acetate,CB,MF1,"{'depth': 2, 'iterations': 100, 'learning_rate': 0.1}",0.2941195220102434,0.2206833435612834,0.5830637751813657,90.15980059988026,37.04514886216563,0.8538894836290991,0.5527422432914357,0.5499361009790464,119.00806685522154,47.75167829443967,10
H2Rate_Acetate,Ridge,MF1,"{'alpha': 10.0, 'fit_intercept': True}",0.2973018067822188,0.2212352214856943,0.5739927170516461,87.11056147712203,38.19685109176059,0.8785572142307064,0.552913697053284,0.5235570038560526,113.83980066043004,48.78805020505067,11
H2Rate_Acetate,Lasso,MF1,"{'alpha': 0.01, 'fit_intercept': True}",0.2991907724842526,0.2337105522958154,0.5685620766735325,96.78680428120032,42.75894371508674,0.874025080809926,0.5762989100930916,0.5284598916593228,116.91860429060112,53.68953460861498,12
H2Rate_Acetate,DT,MF1,"{'criterion': 'squared_error', 'max_features': 1.0, 'min_samples_split': 6}",0.3001311959485331,0.2073418926129345,0.5658456024990992,52.93586682063932,37.44058162288732,0.8204995910929986,0.5048636202705996,0.5844458858041436,66.14585890779288,47.37627604458201,13
H2Rate_Acetate,KNN,MF1,"{'n_neighbors': 7, 'weights': 'distance'}",0.3183743121781009,0.2068701409919824,0.511462431952001,97.82102113487625,35.95263449244284,0.9787010021971564,0.5277704091608595,0.4087503256051419,124.49167442088252,45.210021459646434,14
H2Rate_Acetate,MLP,MF1,"{'activation': 'relu', 'alpha': 0.1, 'hidden_layer_sizes': (16, 8), 'learning_rate_init': 0.001}",0.3211678693580898,0.2280036826766144,0.502851529172834,88.2104531449054,40.13511498739972,1.0632575450214976,0.619335834991795,0.3021729582887411,111.13732630342076,50.77584861320182,15
H2Rate_Acetate,XGB,MF1,"{'learning_rate': 0.1, 'max_depth': 2, 'n_estimators': 100}",0.3244429289820471,0.2150702219348925,0.4926606436436024,45.84487643187217,34.64858631099545,1.0176192138168756,0.5733661616123633,0.3607931134854197,61.35567576727766,44.99268770834698,16
H2Rate_Acetate,LGBM,MF1,"{'learning_rate': 0.1, 'max_depth': 4, 'min_child_samples': 5, 'n_estimators': 25}",0.3321182408271602,0.2477260871034156,0.4683725655470391,90.71802482315093,41.68676293906052,0.9941756534805832,0.639322980678092,0.3899055203565001,117.66135240960524,53.38972903812866,17
H2Rate_Acetate,LR,MF1,{'fit_intercept': True},0.3345208034040813,0.2560138242136642,0.4606530973741657,126.14399610362486,43.91656552507951,0.911491731562855,0.6098973373647342,0.4871665847173964,135.33540661565436,55.22759198929003,18
H2Rate_Acetate,SVR_poly,MF1,"{'C': 0.25, 'degree': 3, 'gamma': 0.03125}",0.3996002912777258,0.3173821311410726,0.2303850082676624,179.6407715376684,50.11076923800552,1.0812766133484213,0.729504843279375,0.2783203350320067,260.11702748879253,63.61639272814337,19
H2Rate_Acetate,SVR_linear,MF2,{'C': 1.0},0.264144258721581,0.1859124083465761,0.6637174919084303,65.85800357151476,36.24203997337302,0.8635132486015623,0.5003183900690635,0.5397340378564344,72.63291196167884,45.19065777316313,1
H2Rate_Acetate,SVR_rbf,MF2,"{'C': 32.0, 'gamma': 0.0009765625}",0.2819928608319392,0.1996462597312365,0.616735888952564,50.05499142249184,33.14004424942851,0.9382062326719453,0.5484735794251387,0.4566652576503515,63.472855323399656,43.22116445045621,2
H2Rate_Acetate,HGB,MF2,"{'learning_rate': 0.1, 'max_iter': 100, 'max_leaf_nodes': 7, 'min_samples_leaf': 5}",0.2881397184877716,0.1869635312234621,0.5998450608679753,88.54693677029803,33.45699457380184,0.7813902044956814,0.4509969973029152,0.6231168043320794,115.95076082217273,41.85797913386301,3
H2Rate_Acetate,Elastic,MF2,"{'alpha': 0.1, 'fit_intercept': True, 'l1_ratio': 0.4}",0.2957039625633368,0.208929665691919,0.5785595516334954,72.48918291196875,34.564260455553224,0.8845689737438933,0.5315608227202093,0.5170143213812167,94.34859983837272,44.54477966053225,4
H2Rate_Acetate,Ridge,MF2,"{'alpha': 10.0, 'fit_intercept': True}",0.3016441683962125,0.2151821250382973,0.5614573930274426,80.39876159764816,37.59836142500366,0.8996322829097516,0.5414125511326909,0.5004247532932031,102.7897381471491,47.82201916046776,5
H2Rate_Acetate,Lasso,MF2,"{'alpha': 0.1, 'fit_intercept': True}",0.3112056125023384,0.2145612762548276,0.533215132661045,83.4567835834562,35.6253397448174,0.923152317017056,0.5286254199457121,0.4739614443830229,110.4822041661968,45.56599638746084,6
H2Rate_Acetate,CB,MF2,"{'depth': 3, 'iterations': 100, 'learning_rate': 0.1}",0.3115295630218329,0.2178794053181284,0.532242824333869,102.8700678945364,37.24061489628646,0.8973977475008929,0.5424561913789905,0.5029033931229642,132.45673899683837,47.161386451319785,7
H2Rate_Acetate,AB,MF2,"{'learning_rate': 0.1, 'n_estimators': 100}",0.313584019028111,0.2052548686230362,0.5260530087854316,116.74486537531963,35.11792968102135,0.8601870979310865,0.509081186348128,0.5432729887446787,163.22952513504805,43.90623114957291,8
H2Rate_Acetate,MLP,MF2,"{'activation': 'tanh', 'alpha': 0.1, 'hidden_layer_sizes': (16, 8), 'learning_rate_init': 0.001}",0.3159281672615185,0.2354230828638324,0.518940691222858,65.37575758407377,39.59072131873501,0.8820741744628995,0.5760513880489724,0.5197348624860835,78.33064864574663,50.65436713629189,9
H2Rate_Acetate,ET,MF2,"{'criterion': 'squared_error', 'max_features': 0.7, 'min_samples_split': 4, 'n_estimators': 150}",0.3171771780394066,0.2090647106337664,0.5151294705722578,106.60237882080736,35.523244133294234,0.9214191428788172,0.5295938829659688,0.4759348144361022,138.55317043359096,44.63876810392964,10
H2Rate_Acetate,RF,MF2,"{'criterion': 'squared_error', 'max_features': 0.7, 'min_samples_split': 2, 'n_estimators': 100}",0.3197962894196833,0.2080221752352007,0.5070887080285186,110.3117846939353,34.51995314424018,0.9422129763768108,0.5332236493609213,0.452014570874238,149.1581247259948,43.6750271033961,11
H2Rate_Acetate,LGBM,MF2,"{'learning_rate': 0.1, 'max_depth': 2, 'min_child_samples': 10, 'n_estimators': 100}",0.3203399523015592,0.2212859151358004,0.5054113567448189,125.64820966145436,32.84260339614512,1.0058774766301142,0.6074115067290705,0.3754589116001187,178.78416322072346,43.060232017881695,12
H2Rate_Acetate,DT,MF2,"{'criterion': 'squared_error', 'max_features': 0.7, 'min_samples_split': 6}",0.3249975788988685,0.223128525033381,0.4909245215954111,100.25386555181667,40.457237413255726,0.7799119541504895,0.5039269558719921,0.6245414465094576,138.11836846937263,50.01297714334009,13
H2Rate_Acetate,GB,MF2,"{'learning_rate': 0.1, 'max_depth': 2, 'n_estimators': 100}",0.3262953485621543,0.2168962929237259,0.4868507572137415,92.01066004353372,36.41542681353972,0.9287575926793208,0.55114599697558,0.4675539581788575,118.63792056012628,46.14303035202764,14
H2Rate_Acetate,SVR_sigmoid,MF2,"{'C': 0.25, 'gamma': 0.03125}",0.3348699988526787,0.2410896220350751,0.459526496090187,120.37490601525012,40.39973386456735,1.0049023044213012,0.6003343125337266,0.376669277484462,158.21532115707237,51.20916870488759,15
H2Rate_Acetate,KNN,MF2,"{'n_neighbors': 3, 'weights': 'distance'}",0.3351160854697556,0.2026513913928652,0.4587318464239995,96.15851433838664,35.0873509805638,0.9488546497505128,0.501879814032246,0.4442618272543426,122.39275756165402,43.35312696301033,16
H2Rate_Acetate,XGB,MF2,"{'learning_rate': 0.1, 'max_depth': 2, 'n_estimators': 100}",0.3572812974968382,0.2409382725981329,0.3847629337964229,80.77005399646609,39.17915326865443,1.0816381118421878,0.6250161930294347,0.2778377023381989,107.03108561816964,50.04746865118817,17
H2Rate_Acetate,SVR_poly,MF2,"{'C': 4.0, 'degree': 3, 'gamma': 0.25}",0.3759324666719842,0.2728326523060332,0.3188518281067598,155.2421230706337,47.630399937368914,0.8984244672725666,0.6160249165638335,0.5017652782115194,129.50408263113323,59.030025932504216,18
H2Rate_Acetate,LR,MF2,{'fit_intercept': True},0.4277078574113074,0.2975462992738191,0.1183090476650168,148.76390122478247,51.377858716904335,1.054333589846957,0.6821949030100982,0.3138375713995364,136.4310462150341,61.34449321203471,19
H2Rate_Acetate,SVR_linear,MF3,{'C': 0.25},0.2894855188571757,0.2030901740302386,0.5960983625110503,77.95322192655799,34.46119767902486,0.8838316600434183,0.5258821762454533,0.5178191507472949,83.29832154954364,44.002943195314224,1
H2Rate_Acetate,SVR_rbf,MF3,"{'C': 32.0, 'gamma': 0.0009765625}",0.2900396609119197,0.2099602963275221,0.594550560709558,63.65580394518617,38.276765460900194,0.955578393379106,0.5697935274090633,0.4363578132255861,80.77992514420602,48.70982682255048,2
H2Rate_Acetate,HGB,MF3,"{'learning_rate': 0.05, 'max_iter': 100, 'max_leaf_nodes': 7, 'min_samples_leaf': 5}",0.2903523970363869,0.1957569044629533,0.5936757352016122,88.06467524247805,33.99685765337359,0.8186131611749099,0.4901357029394704,0.5863545096837187,116.56947914104742,43.00665525341836,3
H2Rate_Acetate,DT,MF3,"{'criterion': 'squared_error', 'max_features': 0.7, 'min_samples_split': 6}",0.2924251708978724,0.20533199074584,0.5878536752014789,106.17551385474016,35.55875206682229,0.7785409672053949,0.5006318330635349,0.6258603039542727,155.8978450145672,44.926862408378696,4
H2Rate_Acetate,Elastic,MF3,"{'alpha': 0.1, 'fit_intercept': True, 'l1_ratio': 0.4}",0.2957039746516656,0.2089296821013538,0.5785595171766638,72.48918390548182,34.56426136141466,0.8845691110777295,0.5315609235093899,0.5170141714092344,94.34860224337788,44.54478158908818,5
H2Rate_Acetate,Ridge,MF3,"{'alpha': 10.0, 'fit_intercept': True}",0.3042934181397531,0.2168344819289671,0.5537203908253374,83.94209137373366,37.72159840036559,0.9052538764908707,0.5426309960145845,0.4941617865186976,108.10777106074754,47.97474299893177,6
H2Rate_Acetate,Lasso,MF3,"{'alpha': 0.1, 'fit_intercept': True}",0.3112056125023384,0.2145612762548276,0.533215132661045,83.4567835834562,35.6253397448174,0.923152317017056,0.5286254199457121,0.4739614443830229,110.4822041661968,45.56599638746084,7
H2Rate_Acetate,AB,MF3,"{'learning_rate': 0.1, 'n_estimators': 100}",0.3167351826246493,0.212854062640716,0.5164798907264393,118.30665207392536,36.37406900631503,0.864328174906763,0.5231093700812132,0.5388648911938874,165.66666775378877,45.58187602996568,8
H2Rate_Acetate,ET,MF3,"{'criterion': 'absolute_error', 'max_features': 0.7, 'min_samples_split': 2, 'n_estimators': 50}",0.3227156330213205,0.1987685951873272,0.4980482937769322,115.11504282188336,33.25974549746875,0.9465475252143328,0.511559836970261,0.4469610781929097,152.7646024850442,41.66317213568515,9
H2Rate_Acetate,RF,MF3,"{'criterion': 'squared_error', 'max_features': 0.7, 'min_samples_split': 4, 'n_estimators': 50}",0.3245799408115523,0.2156240263403932,0.4922320556579161,112.69202681267394,36.11920318690282,0.9416008939724476,0.5444103591420507,0.4527263065472008,154.16501979571083,45.62638776488308,10
H2Rate_Acetate,CB,MF3,"{'depth': 3, 'iterations': 100, 'learning_rate': 0.1}",0.3259827333163572,0.2320180077175318,0.4878335565766037,119.06457623989002,38.809881293470376,0.9167820559698164,0.5672853224315082,0.4811963090371276,157.55464245694753,49.089768252447406,11
H2Rate_Acetate,MLP,MF3,"{'activation': 'tanh', 'alpha': 0.01, 'hidden_layer_sizes': (16, 8), 'learning_rate_init': 0.001}",0.3313919605378689,0.2488489961546714,0.4706951621637377,99.01945506574584,47.75856513683423,0.8613745640704149,0.5755428219749337,0.5420111185987162,109.8038425392442,58.498568966974815,12
H2Rate_Acetate,GB,MF3,"{'learning_rate': 0.05, 'max_depth': 4, 'n_estimators': 25}",0.3342405410811105,0.2424277075106625,0.461556451029639,124.77222140546252,40.74510262013648,0.936072819006818,0.5908037934113457,0.459133456651698,172.32396560559482,51.512558647953945,13
H2Rate_Acetate,LGBM,MF3,"{'learning_rate': 0.1, 'max_depth': 2, 'min_child_samples': 10, 'n_estimators': 100}",0.336202224713743,0.2468617948175466,0.4552175699499546,132.9189119428732,37.54979528954922,1.041025374238636,0.658990139242807,0.3310502758252585,186.28117104734005,48.90555043855902,14
H2Rate_Acetate,KNN,MF3,"{'n_neighbors': 3, 'weights': 'distance'}",0.3522146128669426,0.2146140951884091,0.4020888295154577,126.19502496746122,35.66564784828545,0.9706046773561376,0.5226955248413558,0.4184921146600486,170.75830421556145,44.02465455200883,15
H2Rate_Acetate,SVR_sigmoid,MF3,"{'C': 0.25, 'gamma': 0.03125}",0.3581735007544693,0.2531232446840534,0.3816863557835155,117.53059330867973,41.46714914849068,1.088142791241286,0.6373318353674349,0.2691258074465251,153.5668779005133,52.70479163339865,16
H2Rate_Acetate,XGB,MF3,"{'learning_rate': 0.1, 'max_depth': 2, 'n_estimators': 100}",0.3647683786162613,0.244709497371142,0.3587073059361206,84.99339284359806,39.97938972997539,1.1129288070428154,0.635923557099342,0.2354504867253053,110.83896689351998,50.93990827085557,17
H2Rate_Acetate,SVR_poly,MF3,"{'C': 4.0, 'degree': 3, 'gamma': 0.03125}",0.4151726888673913,0.3102473279670535,0.1692325347141404,148.83818242264738,46.58626390641345,2.408678200606332,1.0190126231680523,-2.5811986554341444,210.1709244446436,60.56550427629905,18
H2Rate_Acetate,LR,MF3,{'fit_intercept': True},0.7285862529410796,0.4310528072733359,-1.5584908730071612,177.0573266143097,60.16164645165198,2.975689917189521,1.160942342397408,-4.465705094272407,216.66610540261783,69.61310216125031,19
H2Rate_Acetate,HGB,MF4,"{'learning_rate': 0.1, 'max_iter': 100, 'max_leaf_nodes': 7, 'min_samples_leaf': 5}",0.2888227923343748,0.19254445929686,0.597945570134611,105.5409209024002,33.81055612117961,0.7755456510575541,0.4685388913131583,0.6287336553236786,139.59477335943586,42.39587081906865,1
H2Rate_Acetate,Elastic,MF4,"{'alpha': 0.1, 'fit_intercept': True, 'l1_ratio': 0.4}",0.300458518589438,0.2110869894025239,0.5648981098187962,72.90865718259698,34.800334264708056,0.8977264481904249,0.5365228645544201,0.5025391712995634,94.90832022723032,44.84235380444499,2
H2Rate_Acetate,SVR_rbf,MF4,"{'C': 32.0, 'gamma': 0.0009765625}",0.301619892681615,0.2171843046781415,0.5615279762370609,64.91979275783216,35.37924598213705,1.0186716457301943,0.6040563690612238,0.3594702815553757,82.62610636684246,46.281650054236,3
H2Rate_Acetate,SVR_linear,MF4,{'C': 0.03125},0.3103480055587069,0.224417099403088,0.5357842788327702,94.9869280848096,39.2680031428809,0.9415906351402604,0.5592785879177027,0.452738231681157,120.06661715656826,49.842735682082846,4
H2Rate_Acetate,Lasso,MF4,"{'alpha': 0.1, 'fit_intercept': True}",0.3132384193013656,0.2153912913136996,0.5270971033902722,83.50724640612977,35.710998154381926,0.9291352263749744,0.5306268335076427,0.4671208840470711,110.53008487342002,45.673034901952086,5
H2Rate_Acetate,AB,MF4,"{'learning_rate': 0.1, 'n_estimators': 100}",0.3137138183178819,0.2082881114059629,0.5256605735149144,119.87637732343318,35.73595873119279,0.8564425915917474,0.5124301289500803,0.5472407180773882,167.5695480527788,44.65845882274824,6
H2Rate_Acetate,DT,MF4,"{'criterion': 'squared_error', 'max_features': 0.7, 'min_samples_split': 2}",0.3139767921834572,0.2139732340281449,0.5248650003069872,150.74487630575888,40.683158809061446,0.7369298643697377,0.4809375,0.6647852174950901,214.67506153422687,48.93199528800541,7
H2Rate_Acetate,Ridge,MF4,"{'alpha': 10.0, 'fit_intercept': True}",0.3141155697536841,0.2267520054093616,0.5244448886635353,86.94949843507662,38.99761616641103,0.9403482586277307,0.5680495169690278,0.4541814419113076,111.45009487362564,49.72217565834973,8
H2Rate_Acetate,ET,MF4,"{'criterion': 'squared_error', 'max_features': 0.7, 'min_samples_split': 4, 'n_estimators': 50}",0.3180285799183016,0.2071420776274207,0.5125228911813103,119.54372018459068,34.63317225680226,0.9352329441406678,0.5279937702701425,0.4601035872184389,158.94075180146078,43.57894532302298,9
H2Rate_Acetate,LGBM,MF4,"{'learning_rate': 0.1, 'max_depth': 3, 'min_child_samples': 5, 'n_estimators': 100}",0.3218725415383596,0.2191939972547831,0.500667555899065,107.87516149975292,38.87131332843863,0.9077117643616976,0.544233801990928,0.4914112178709453,142.46567736808603,48.28936219332876,10
H2Rate_Acetate,RF,MF4,"{'criterion': 'squared_error', 'max_features': 0.7, 'min_samples_split': 2, 'n_estimators': 50}",0.3275334756416912,0.209810674111517,0.4829490811286137,117.34987073968313,34.81351353348238,0.9541926467143248,0.5318270911453584,0.4379913766233395,161.59009248933313,43.89977613338806,11
H2Rate_Acetate,GB,MF4,"{'learning_rate': 0.05, 'max_depth': 4, 'n_estimators': 25}",0.3290738733392951,0.2336206486845456,0.4780742393247449,133.29555787538635,39.506018817030174,0.9144846238594506,0.5639738370643788,0.483793268249388,182.45329707648384,49.6518800616511,12
H2Rate_Acetate,KNN,MF4,"{'n_neighbors': 2, 'weights': 'distance'}",0.3379464788252447,0.207225607803449,0.4495501240162204,109.34675824202384,34.99038156558335,0.9393523009343266,0.5042975810600993,0.4553370229574482,144.5266226847442,43.433930804145845,13
H2Rate_Acetate,CB,MF4,"{'depth': 4, 'iterations': 100, 'learning_rate': 0.05}",0.3457390378367618,0.24427872203843,0.4238722888703845,131.7791033632465,40.08457827594631,0.9958535471758204,0.5993797578186204,0.3878444408754007,177.6746150842411,50.69806070621314,14
H2Rate_Acetate,MLP,MF4,"{'activation': 'tanh', 'alpha': 0.1, 'hidden_layer_sizes': (16,), 'learning_rate_init': 0.001}",0.3613059521409824,0.2538407713575349,0.3708239840241553,99.76642398919412,44.12841265363409,1.0278838638833043,0.628874601388013,0.3478328111095247,115.64452847608062,55.00911078108528,15
H2Rate_Acetate,XGB,MF4,"{'learning_rate': 0.1, 'max_depth': 2, 'n_estimators': 100}",0.3648637011328921,0.2455008691711475,0.3583720925548009,99.90804988540648,39.619007085190304,1.098738165958176,0.6348973211511544,0.2548232957374245,137.01130910287307,50.47031258052389,16
H2Rate_Acetate,SVR_sigmoid,MF4,"{'C': 0.25, 'gamma': 0.03125}",0.3665486594089655,0.2575717065200087,0.3524322713388124,112.4712915273147,42.19607726670645,1.116492046911921,0.6494856452794966,0.2305469665476787,145.07680427662297,53.60804578533765,17
H2Rate_Acetate,SVR_poly,MF4,"{'C': 1.0, 'degree': 3, 'gamma': 0.03125}",0.4350682054904302,0.3218534244885979,0.0877022165446169,164.92817351976106,47.064424558414416,2.754884284210738,1.1036996934648058,-3.684654553741562,240.86246803667052,61.29469883015366,18
H2Rate_Acetate,LR,MF4,{'fit_intercept': True},1.180866416211792,0.6205485468179537,-5.720838656341956,345.0639130578689,58.885954165866885,17.660012897246215,3.841962353670331,-191.50981706544349,480.2203569575706,68.77355661532063,19
H2Rate_Acetate,HGB,MF5,"{'learning_rate': 0.1, 'max_iter': 100, 'max_leaf_nodes': 7, 'min_samples_leaf': 10}",0.2728795651427405,0.1998383509281331,0.6411078531611132,104.14136773397875,33.56503682395689,0.806100776681566,0.505792669257699,0.5989028947151466,149.28140023376645,43.05673917732977,1
H2Rate_Acetate,DT,MF5,"{'criterion': 'squared_error', 'max_features': 1.0, 'min_samples_split': 2}",0.2830563833384715,0.1847978941927622,0.6138395131534973,110.51202578753116,35.03690391192031,0.7027157142116577,0.4365624999999999,0.6951893203707922,150.9793738026697,42.40837266476768,2
H2Rate_Acetate,LGBM,MF5,"{'learning_rate': 0.1, 'max_depth': 2, 'min_child_samples': 5, 'n_estimators': 100}",0.2867306864959167,0.2082669676267311,0.6037490871415793,92.16549430195352,36.281723137007205,0.8024993287121538,0.5203025351697024,0.6024788829902452,122.88111213642212,46.155072839645065,3
H2Rate_Acetate,AB,MF5,"{'learning_rate': 0.05, 'n_estimators': 100}",0.2903707731962659,0.1882207198336252,0.5936243017296738,116.8180797992243,34.1466329279028,0.7390433698501891,0.4439539017804539,0.6628596767683391,163.6959472189958,42.10017194400794,4
H2Rate_Acetate,XGB,MF5,"{'learning_rate': 0.1, 'max_depth': 3, 'n_estimators': 25}",0.2947600205219023,0.2093264381663411,0.5812458897091144,114.28685288279456,37.52444109701749,0.7812541829701792,0.4896592747446663,0.6232480057855201,157.51141631807673,46.8051730654385,5
H2Rate_Acetate,Elastic,MF5,"{'alpha': 0.1, 'fit_intercept': True, 'l1_ratio': 0.4}",0.3004580053324944,0.2110860563654539,0.5648995963393093,72.90828404905571,34.800064920791016,0.8977204952622696,0.5365179260182933,0.5025457687185451,94.90785997264425,44.8420276191778,6
H2Rate_Acetate,GB,MF5,"{'learning_rate': 0.1, 'max_depth': 4, 'n_estimators': 25}",0.302746015216698,0.1967927060236344,0.5582477217821842,109.84445535586045,35.70819786059879,0.7558363100370944,0.4556731541637255,0.6473642397876092,148.68466424361532,43.96857618079503,7
H2Rate_Acetate,SVR_rbf,MF5,"{'C': 32.0, 'gamma': 0.0009765625}",0.3051190616545621,0.2142719036127703,0.5512953120850596,74.64065498629206,35.982945813083354,1.0034835814509,0.5887909001975024,0.3784280740527823,94.47176899654691,46.41609489125835,8
H2Rate_Acetate,Lasso,MF5,"{'alpha': 0.01, 'fit_intercept': True}",0.3118018421145632,0.2272785208246311,0.5314248207057597,101.9479016019154,41.00145055459157,0.9182482966802497,0.5623207294139797,0.4795355012431307,108.6819731739221,51.178834283335085,9
H2Rate_Acetate,SVR_linear,MF5,{'C': 0.03125},0.312560406803835,0.2237154540047023,0.5291421083704679,93.6636251385382,38.83208204247618,0.93817052404885,0.5567858726259309,0.4567066160758944,119.0638895838606,49.32424844664243,10
H2Rate_Acetate,RF,MF5,"{'criterion': 'squared_error', 'max_features': 1.0, 'min_samples_split': 2, 'n_estimators': 100}",0.3146487667462896,0.2100547907948598,0.5228290517753997,117.05862377648712,35.08886484766403,0.9084827229387532,0.5295391293704279,0.490546918402246,163.91463311176105,44.36381443600448,11
H2Rate_Acetate,ET,MF5,"{'criterion': 'squared_error', 'max_features': 1.0, 'min_samples_split': 2, 'n_estimators': 50}",0.3166145434736567,0.2046016695942918,0.5168481500795545,112.3105163747227,33.72622255088449,0.9446943367590808,0.533104953143021,0.4491244815873375,148.60341207625402,42.72611343424448,12
H2Rate_Acetate,CB,MF5,"{'depth': 3, 'iterations': 100, 'learning_rate': 0.1}",0.3258697774402401,0.2296935414490151,0.4881884354108122,115.22754647590531,37.19842839332824,0.9399696295901682,0.5798205743372709,0.4546208985643051,152.6511240474855,47.55852707506455,13
H2Rate_Acetate,Ridge,MF5,"{'alpha': 10.0, 'fit_intercept': True}",0.3272587064278796,0.2349464265843791,0.4838162296408452,90.46823318578706,40.16717527514832,0.9637867308991528,0.588142751329183,0.4266329466024263,116.2259331493586,51.11305661263207,14
H2Rate_Acetate,KNN,MF5,"{'n_neighbors': 4, 'weights': 'distance'}",0.3467670382749232,0.2292911783738175,0.4204411459002302,143.2140695641643,36.96306552438056,0.9769279338184984,0.5650826458584762,0.4108906657022658,200.29589152182257,46.48762871820559,15
H2Rate_Acetate,MLP,MF5,"{'activation': 'tanh', 'alpha': 0.1, 'hidden_layer_sizes': (16, 8), 'learning_rate_init': 0.001}",0.3579852131619369,0.2549538126103002,0.3823362653202937,84.080049313346,47.91498747389461,0.93612729120234,0.6178381459780915,0.4590705063240352,105.52629462066336,58.268264869959175,16
H2Rate_Acetate,SVR_sigmoid,MF5,"{'C': 0.25, 'gamma': 0.03125}",0.3839601876157881,0.2675339740597774,0.2894505344125286,112.22042018997254,42.941992452829886,1.155291985236867,0.6768033451297596,0.1761381942499204,145.6023355225457,54.65820386007567,17
H2Rate_Acetate,SVR_poly,MF5,"{'C': 4.0, 'degree': 2, 'gamma': 0.03125}",0.3923874284209692,0.3211853444702519,0.2579176604917721,129.2772900462736,52.32694178664522,1.3107870171737788,0.8403685717877729,-0.0605596768145835,172.75002567986172,66.64771665101507,18
H2Rate_Acetate,LR,MF5,{'fit_intercept': True},2.149407961797168,1.2961595074447945,-21.266893565220027,1204.944561728242,85.6422455255543,58.75333043976404,16.390048883195835,-2129.7663414400104,43071.64681607248,96.77411926697842,19
H2Rate_Acetate,HGB,MF6,"{'learning_rate': 0.1, 'max_iter': 100, 'max_leaf_nodes': 7, 'min_samples_leaf': 10}",0.2786487603175209,0.2044102195172625,0.625772104571102,97.15901707139606,33.00117063792336,0.8162113953057308,0.520823356002426,0.5887781751228354,143.8858885314122,42.79252921851124,1
H2Rate_Acetate,DT,MF6,"{'criterion': 'squared_error', 'max_features': 1.0, 'min_samples_split': 4}",0.2791837288134032,0.1943153551825492,0.6243337898059529,112.35848583074927,39.86240239073584,0.674561174450277,0.4260073569224553,0.7191247121648271,146.18070668878602,48.14838076113064,2
H2Rate_Acetate,AB,MF6,"{'learning_rate': 0.1, 'n_estimators': 100}",0.2891381230917121,0.186803515655775,0.5970671814534609,119.04700523573771,33.70285954083056,0.7370101032322035,0.4415427620064661,0.6647122153860638,167.15324817106966,41.57137181429697,3
H2Rate_Acetate,LGBM,MF6,"{'learning_rate': 0.1, 'max_depth': 4, 'min_child_samples': 5, 'n_estimators': 100}",0.2947444467342788,0.2155119805677852,0.5812901386902549,102.50883933459004,36.68500626135416,0.8004676895862052,0.5370814525304313,0.6044890956474502,135.96123107167847,46.75627976960706,4
H2Rate_Acetate,XGB,MF6,"{'learning_rate': 0.1, 'max_depth': 4, 'n_estimators': 100}",0.2972582675005714,0.2016034218260237,0.5741174838205638,75.08920109674027,34.67033552681387,0.817096699577248,0.5008814511954613,0.5878856272431138,99.6466957434849,43.81295856228814,5
H2Rate_Acetate,GB,MF6,"{'learning_rate': 0.05, 'max_depth': 3, 'n_estimators': 100}",0.3003903818215375,0.1896844125626225,0.5650954287371882,114.70809669991672,32.26431881064863,0.7800943109861211,0.4691572964759483,0.6243658486415367,164.24930437786168,40.32820822174589,6
H2Rate_Acetate,Elastic,MF6,"{'alpha': 0.1, 'fit_intercept': True, 'l1_ratio': 0.4}",0.3004580730848818,0.2110861540053761,0.5648994001115907,72.90829006828673,34.80007060459894,0.897721279971623,0.536518532586559,0.5025448990555245,94.90787448328942,44.84203938471155,7
H2Rate_Acetate,RF,MF6,"{'criterion': 'squared_error', 'max_features': 1.0, 'min_samples_split': 2, 'n_estimators': 50}",0.3097418461621173,0.2064438926799678,0.5375958833397005,122.9867215806977,34.71199756059179,0.8885106817828676,0.515670930206261,0.512700287533036,170.45412432302368,43.77226266701373,8
H2Rate_Acetate,Lasso,MF6,"{'alpha': 0.1, 'fit_intercept': True}",0.3132384193013656,0.2153912913136996,0.5270971033902722,83.50724640612977,35.710998154381926,0.9291352263749744,0.5306268335076427,0.4671208840470711,110.53008487342002,45.673034901952086,9
H2Rate_Acetate,SVR_rbf,MF6,"{'C': 32.0, 'gamma': 0.0009765625}",0.3162967483619552,0.2234464230635898,0.5178175700974866,79.75768674041517,37.20400691725823,1.0160911918248658,0.6058767217923285,0.3627112943935237,101.1321998565498,47.94130188918028,10
H2Rate_Acetate,KNN,MF6,"{'n_neighbors': 2, 'weights': 'distance'}",0.3208841118286689,0.1969263616475653,0.503729620143504,108.98783878024716,33.28427773128722,0.9117856173235708,0.4862577921931101,0.4868358329836388,144.35876398426353,41.518118677470135,11
H2Rate_Acetate,SVR_linear,MF6,{'C': 0.03125},0.3226709491284159,0.2344858671415961,0.4981872867552386,101.21526849943874,40.12257715091858,0.9558820310429184,0.5809648882614218,0.4359995586049642,130.0602809889096,51.02725298620625,12
H2Rate_Acetate,ET,MF6,"{'criterion': 'absolute_error', 'max_features': 0.7, 'min_samples_split': 2, 'n_estimators': 50}",0.3327623422353367,0.2152029218109537,0.4663085173911364,124.80991002387438,35.37515987138961,0.9664088006160388,0.5461094969410893,0.423508908018085,167.93551725952702,44.53318621717728,13
H2Rate_Acetate,CB,MF6,"{'depth': 4, 'iterations': 100, 'learning_rate': 0.1}",0.3347487456623521,0.2265947932995058,0.4599178256940438,118.59041975219913,37.09169440488501,0.9517045450041196,0.5678276542036607,0.4409184826128982,158.6919629152773,47.003553613663605,14
H2Rate_Acetate,Ridge,MF6,"{'alpha': 10.0, 'fit_intercept': True}",0.3384515140028473,0.2415516432366987,0.4479036841767373,95.23575334268438,40.75867670027947,0.9891439548604264,0.6051527930743733,0.3960654843656158,122.96114269289018,51.85567634454576,15
H2Rate_Acetate,MLP,MF6,"{'activation': 'tanh', 'alpha': 0.1, 'hidden_layer_sizes': (16,), 'learning_rate_init': 0.001}",0.3889624542910103,0.2729578731309199,0.2708157317949428,68.58616278810065,46.85894934517535,1.008810477278848,0.6510211976539375,0.371811449421617,93.35638584721292,58.26975258016967,16
H2Rate_Acetate,SVR_poly,MF6,"{'C': 4.0, 'degree': 2, 'gamma': 0.03125}",0.3896821810186953,0.3060146730542478,0.2681147052435935,137.25996490246965,49.02964858887801,1.306246828548686,0.8103811354661091,-0.053225454263849,186.2057543471585,62.563539740143234,17
H2Rate_Acetate,SVR_sigmoid,MF6,"{'C': 0.25, 'gamma': 0.03125}",0.4071415613282507,0.2837254101016047,0.201062507398143,119.79029724564332,44.56733015953729,1.2274687975356329,0.7167440424299497,0.069981108050267,158.5295833411393,56.79637246724356,18
H2Rate_Acetate,LR,MF6,{'fit_intercept': True},39.2522696125487,14.688610731320772,-7424.94063734412,3905.485263508936,115.3680073862833,2405.7868286705107,511.3312912590847,-3572605.090034096,1055316.3307080716,130.58935109549265,19
H2Rate_Complex,ET,MF1,"{'criterion': 'squared_error', 'max_features': 0.7, 'min_samples_split': 2, 'n_estimators': 50}",0.1738254534352088,0.1007172245444461,0.6510153713796832,57.3229961587422,35.48226704622476,0.3244867022711381,0.1670555648367895,0.5580179327579766,67.28113906676337,39.8197451768386,1
H2Rate_Complex,GB,MF1,"{'learning_rate': 0.05, 'max_depth': 3, 'n_estimators': 100}",0.1798054251582078,0.1091721504119529,0.6265906922543741,62.814433990553134,41.35695680663975,0.3326744702469127,0.1811947372596383,0.5354314677908201,72.87939890233254,46.026818174874656,2
H2Rate_Complex,HGB,MF1,"{'learning_rate': 0.05, 'max_iter': 50, 'max_leaf_nodes': 7, 'min_samples_leaf': 5}",0.1829643791779399,0.1094001665955456,0.6133547765719289,70.06936346326624,44.771763287548914,0.3465819719210098,0.1817336391445599,0.4957768536572176,78.39487632503361,49.51696661355102,3
H2Rate_Complex,RF,MF1,"{'criterion': 'absolute_error', 'max_features': 0.7, 'min_samples_split': 2, 'n_estimators': 100}",0.1857148934051793,0.1117283484571538,0.601642476941753,62.00211187271718,39.44458882150672,0.3392216778247818,0.1814849980749646,0.516965626311737,72.4652374292934,44.157050905174806,4
H2Rate_Complex,CB,MF1,"{'depth': 2, 'iterations': 100, 'learning_rate': 0.1}",0.1909793939638134,0.1112492822930177,0.5787377158215035,58.908904909276615,40.55871743755958,0.3580612787143458,0.1862277212079417,0.4618224739761719,67.37921648336973,45.29504395568497,5
H2Rate_Complex,LGBM,MF1,"{'learning_rate': 0.1, 'max_depth': 3, 'min_child_samples': 5, 'n_estimators': 25}",0.19768373225485,0.1264258698983046,0.5486417131892155,88.24035258308959,52.01159183319437,0.3625008077319587,0.2046901979081613,0.4483942323410437,99.26339633810748,57.33203356368539,6
H2Rate_Complex,XGB,MF1,"{'learning_rate': 0.1, 'max_depth': 2, 'n_estimators': 100}",0.1990779283922861,0.1230207682406459,0.5422527096149583,67.94065085899787,44.34995505184109,0.3577636518314249,0.2008260506217669,0.462716787538904,79.97550241726066,49.44961046824387,7
H2Rate_Complex,KNN,MF1,"{'n_neighbors': 7, 'weights': 'distance'}",0.202591432435634,0.1201377277114612,0.5259526677665309,56.47873881990869,38.06798109936194,0.3755947519248059,0.1993365315962152,0.4078252681342231,66.89469055386263,43.24516428321078,8
H2Rate_Complex,SVR_rbf,MF1,"{'C': 1.0, 'gamma': 0.03125}",0.2043621799936741,0.1343053723325164,0.5176296443583959,118.20184534324008,60.1062707719275,0.3803924638183941,0.2122169245119208,0.3926001925489731,129.70937788141094,65.69487557339436,9
H2Rate_Complex,AB,MF1,"{'learning_rate': 0.1, 'n_estimators': 50}",0.2054763520652938,0.1238112340661142,0.512355589875384,64.64540398492372,43.00841161370729,0.3717313807806463,0.2038102784680682,0.4199448445716005,75.64682882092042,48.15197298931537,10
H2Rate_Complex,DT,MF1,"{'criterion': 'squared_error', 'max_features': 0.7, 'min_samples_split': 10}",0.2058040249798883,0.1340504574782457,0.5107990577459094,73.68765560198783,46.97889014946188,0.3733779356672604,0.2221036389085481,0.4147948467289679,88.26187944027595,52.77502896088989,11
H2Rate_Complex,SVR_sigmoid,MF1,"{'C': 0.25, 'gamma': 0.03125}",0.208103949367348,0.1424114194334647,0.4998040153451856,121.07205903972466,62.0952193564904,0.390002887103522,0.2267805530856551,0.361521194373903,132.66309963919642,68.12998090158041,12
H2Rate_Complex,SVR_linear,MF1,{'C': 0.03125},0.2090162333055474,0.1403901975917801,0.4954088948175853,111.32076735567396,59.38217032774759,0.3939166075285919,0.2269256328823724,0.3486424920586554,122.21794495896636,65.39453523172438,13
H2Rate_Complex,Ridge,MF1,"{'alpha': 10.0, 'fit_intercept': True}",0.2157504516873407,0.1446044000804295,0.4623706323111863,105.59197678236671,59.87932292895625,0.4106556304136105,0.2367527244232837,0.2921089772300256,117.0619918379239,66.11561813342517,14
H2Rate_Complex,Elastic,MF1,"{'alpha': 0.1, 'fit_intercept': True, 'l1_ratio': 0.4}",0.220270571499145,0.1560502334072851,0.4396072426434582,141.52058926733048,65.95655341478887,0.4116810478496863,0.2492744840146076,0.2885693200632351,156.4538278789495,72.44594873883578,15
H2Rate_Complex,Lasso,MF1,"{'alpha': 0.01, 'fit_intercept': True}",0.22094664816636,0.1470153764989089,0.4361619353941935,108.1177411831393,61.14851530247787,0.4226705155533307,0.2417985505227173,0.2500803240699235,120.0834186293807,67.43934237175034,16
H2Rate_Complex,MLP,MF1,"{'activation': 'tanh', 'alpha': 0.1, 'hidden_layer_sizes': (16, 8), 'learning_rate_init': 0.001}",0.2224509595261428,0.1456138989035251,0.4284580353869197,83.76461860827294,57.36108699604209,0.3964623317007758,0.2310874607735809,0.3401963662336772,95.65338834676464,63.29842510079475,17
H2Rate_Complex,LR,MF1,{'fit_intercept': True},0.2309185698516092,0.1551431218560697,0.3841183355736172,123.68897820163367,68.49718268288623,0.4361651271959051,0.2530565515880457,0.2014304980068503,137.33022973347423,74.75776689804611,18
H2Rate_Complex,SVR_poly,MF1,"{'C': 0.25, 'degree': 3, 'gamma': 0.03125}",0.2864468428562025,0.2079081396394787,0.0523070793669722,189.444893612734,81.64403661557806,0.5224256529952952,0.3271606005436452,-0.145670761829358,210.14907401383888,89.27721637051039,19
H2Rate_Complex,GB,MF2,"{'learning_rate': 0.05, 'max_depth': 4, 'n_estimators': 100}",0.1683079686140537,0.0982663319861616,0.6728183688743667,46.63851668003184,36.77802418718219,0.3255347879520505,0.1692991852175491,0.5551581348509966,53.32219439715941,41.27321337816874,1
H2Rate_Complex,XGB,MF2,"{'learning_rate': 0.1, 'max_depth': 2, 'n_estimators': 100}",0.1691015688851468,0.0941805879103254,0.6697256622924774,49.68488406265569,38.75918784997817,0.3171500040196916,0.156264641084864,0.5777785588068034,55.12125634082865,42.79476079025669,2
H2Rate_Complex,HGB,MF2,"{'learning_rate': 0.1, 'max_iter': 100, 'max_leaf_nodes': 7, 'min_samples_leaf': 5}",0.1773792464928221,0.1062470757370375,0.6365997950400961,57.30257920511422,42.636761043194646,0.3339653920382368,0.1781475420156403,0.5318190160635143,65.17681849978378,47.31338561910128,3
H2Rate_Complex,RF,MF2,"{'criterion': 'absolute_error', 'max_features': 0.7, 'min_samples_split': 2, 'n_estimators': 50}",0.1780579253027427,0.0992161567015471,0.6338136309480743,53.682355209328094,38.07589794633152,0.3347429945709008,0.1653033479762541,0.5296362596261778,61.46729583341865,42.36294949621772,4
H2Rate_Complex,CB,MF2,"{'depth': 2, 'iterations': 100, 'learning_rate': 0.1}",0.1786255129480918,0.1065117554393408,0.6314753567654625,57.019191687488544,39.9093563602704,0.3400320807628073,0.1784453782446508,0.5146549245343315,65.21665387339615,44.67354683518372,5
H2Rate_Complex,AB,MF2,"{'learning_rate': 0.1, 'n_estimators': 100}",0.1809844405868255,0.10527212487996,0.6216776174679612,50.19479553404796,39.108918329495125,0.3386450718605696,0.1743263400919855,0.5186063456740642,56.54821016618328,43.73279924625373,6
H2Rate_Complex,ET,MF2,"{'criterion': 'squared_error', 'max_features': 0.7, 'min_samples_split': 4, 'n_estimators': 50}",0.1859937295014327,0.1086539960848619,0.6004453748588385,54.29455674893242,34.65310916285027,0.348838436468267,0.1837590228709624,0.4891898669430492,64.58334594625418,39.42234422999528,7
H2Rate_Complex,LGBM,MF2,"{'learning_rate': 0.05, 'max_depth': 3, 'min_child_samples': 5, 'n_estimators': 50}",0.1870615342768563,0.115287612690123,0.5958444558582875,71.89419787523283,47.29927035963698,0.3486503580992418,0.1907624263259943,0.4897405312487738,80.50751113641995,52.305768186444965,8
H2Rate_Complex,DT,MF2,"{'criterion': 'absolute_error', 'max_features': 1.0, 'min_samples_split': 8}",0.1956184274915436,0.1199532369197005,0.558023596661533,43.357070669284056,42.01290282120604,0.370137279603322,0.2032973170326394,0.4249090957655846,50.1068863828162,47.44674864123798,9
H2Rate_Complex,KNN,MF2,"{'n_neighbors': 4, 'weights': 'distance'}",0.1973783299841205,0.1113910510650599,0.550035245827186,48.94175747376277,35.49171138949909,0.3624429764814968,0.1854044250652446,0.4485702181929475,57.9638133498922,40.24971621213257,10
H2Rate_Complex,SVR_sigmoid,MF2,"{'C': 0.25, 'gamma': 0.03125}",0.2043204442370081,0.135580137638609,0.5178266478945077,115.4223591035008,60.50756695476507,0.3818528161983667,0.2148383781002619,0.3879275425913894,126.39653160781722,66.20796643166507,11
H2Rate_Complex,SVR_rbf,MF2,"{'C': 4.0, 'gamma': 0.0009765625}",0.2110475727946842,0.1420287931555572,0.4855534250304479,113.62936800206369,60.68734115310525,0.3945031632042892,0.2279400656269323,0.3467012593999393,124.85865836587142,66.69903111494571,12
H2Rate_Complex,MLP,MF2,"{'activation': 'tanh', 'alpha': 0.01, 'hidden_layer_sizes': (16, 8), 'learning_rate_init': 0.001}",0.2111708790305899,0.1487381111177401,0.4849521103510817,81.62381177949229,64.0795080037307,0.3987647707781032,0.2428158530762922,0.3325105470699535,93.37640567625758,70.32022835087386,13
H2Rate_Complex,SVR_linear,MF2,{'C': 0.03125},0.212642750980417,0.146025002043698,0.4777472676254386,125.17389495433832,62.32096971620222,0.3982026865578248,0.2347459612539046,0.3343909582418823,137.5631044145317,68.46842276724747,14
H2Rate_Complex,Ridge,MF2,"{'alpha': 10.0, 'fit_intercept': True}",0.2201782668027037,0.1476252438674707,0.4400768110010621,106.1547514228235,60.39436610785922,0.4165172139250016,0.2416362004451698,0.271756275570905,118.11893049706252,66.6926021369998,15
H2Rate_Complex,Elastic,MF2,"{'alpha': 0.01, 'fit_intercept': True, 'l1_ratio': 0.7}",0.2207698383057786,0.1461223320066636,0.4370639833927938,105.56011808726956,60.99587806814876,0.423067355033924,0.2407638793679218,0.2486714846599435,117.29344205543045,67.25982679480167,16
H2Rate_Complex,Lasso,MF2,"{'alpha': 0.01, 'fit_intercept': True}",0.2209467233825201,0.1470153855280611,0.4361615515029534,108.11771625759197,61.1484505546038,0.4226705966011012,0.2417985790025705,0.2500800364732192,120.08341052516808,67.43927702468845,17
H2Rate_Complex,LR,MF2,{'fit_intercept': True},0.2738979790739447,0.182438654301419,0.1335226545955475,118.9490352881878,71.82502037462848,0.4975338143747984,0.2978163392134462,-0.0390968930609436,137.24071881060368,78.34362497138613,18
H2Rate_Complex,SVR_poly,MF2,"{'C': 1.0, 'degree': 2, 'gamma': 0.03125}",0.2850378878856687,0.2160378147114081,0.0616070440908417,183.4302945867533,86.74603838297017,0.4972635890180073,0.328643070861921,-0.0379684709606413,201.93023290454045,94.7156039882862,19
H2Rate_Complex,CB,MF3,"{'depth': 4, 'iterations': 100, 'learning_rate': 0.1}",0.1848014539976706,0.1160915589207838,0.6055514859799505,70.09349097274699,46.236988848246725,0.3428258573930839,0.190665728226927,0.5066467619096858,80.49670584735938,51.2815147628065,1
H2Rate_Complex,XGB,MF3,"{'learning_rate': 0.1, 'max_depth': 2, 'n_estimators': 100}",0.1848994806294517,0.1074748889755908,0.6051329101129377,69.97464248046397,42.237345352363214,0.3375201831478605,0.1777520929198581,0.521799156967899,83.25006616844179,46.7590560942817,2
H2Rate_Complex,ET,MF3,"{'criterion': 'squared_error', 'max_features': 0.7, 'min_samples_split': 2, 'n_estimators': 50}",0.1856448995063954,0.1152429837939675,0.6019426934867571,66.9103635636975,38.89078468458963,0.343150107765742,0.19304946391757,0.505713077247486,79.7366393087924,43.90381071346886,3
H2Rate_Complex,RF,MF3,"{'criterion': 'absolute_error', 'max_features': 0.7, 'min_samples_split': 2, 'n_estimators': 50}",0.1897047356283619,0.1145061801037814,0.5843422318905344,62.196818152987454,39.963664753721694,0.3476644147542094,0.1884207196242379,0.492622361596186,72.82764595110575,44.840227425133385,4
H2Rate_Complex,HGB,MF3,"{'learning_rate': 0.1, 'max_iter': 50, 'max_leaf_nodes': 7, 'min_samples_leaf': 5}",0.1902299695832245,0.1206412065758737,0.5820373890543011,67.34094382857633,43.945843828728655,0.3520937971211932,0.199447379305018,0.4796116210186126,78.51461945083977,49.21502602577496,5
H2Rate_Complex,LGBM,MF3,"{'learning_rate': 0.05, 'max_depth': 3, 'min_child_samples': 5, 'n_estimators': 100}",0.1919288558652386,0.1227563165305992,0.5745386583122892,59.72108416623067,46.20170156669332,0.3564999275394814,0.2032639013657271,0.4665057620257423,69.07611277641215,51.54544559217899,6
H2Rate_Complex,AB,MF3,"{'learning_rate': 0.1, 'n_estimators': 50}",0.194936684701185,0.1225327079827679,0.5610988608952837,64.18496357045171,45.37118214628773,0.3572187296281605,0.2008690260512473,0.4643522503960237,73.99536610623643,50.64081214195083,7
H2Rate_Complex,GB,MF3,"{'learning_rate': 0.1, 'max_depth': 2, 'n_estimators': 100}",0.1985335071875611,0.1175437696264238,0.5447529021567195,68.49962817182444,43.38937545606987,0.3657117282288957,0.1985211877633546,0.4385790460983867,82.75596071794786,48.35665459678572,8
H2Rate_Complex,DT,MF3,"{'criterion': 'absolute_error', 'max_features': 0.7, 'min_samples_split': 10}",0.2013516207554846,0.1231266108872403,0.5317370292258428,56.38793918642423,44.5879909881792,0.3836697014746095,0.2090868428173795,0.382089109376743,65.0888032580189,50.08270600845302,9
H2Rate_Complex,KNN,MF3,"{'n_neighbors': 5, 'weights': 'distance'}",0.212354930803647,0.1241660033159376,0.4791600893140626,73.61703446381395,39.57149684519706,0.3815721606063731,0.2042120232251525,0.3888269384961512,89.79955249963233,44.55575305341862,10
H2Rate_Complex,SVR_rbf,MF3,"{'C': 4.0, 'gamma': 0.0009765625}",0.2145373052339645,0.1505386903506896,0.4683997224739722,134.23086773432,65.25963336030257,0.3961261218974955,0.2374486802033049,0.3413149511407256,148.2962365463257,71.48838985266698,11
H2Rate_Complex,SVR_linear,MF3,{'C': 0.03125},0.2227866963422775,0.1535302174550598,0.4267315201648447,131.94651731372198,64.75305683762903,0.411297212585018,0.2442670379158357,0.2898953217524304,146.17333600193604,71.05006078591313,12
H2Rate_Complex,SVR_sigmoid,MF3,"{'C': 0.25, 'gamma': 0.03125}",0.2228962877495106,0.14539886707618,0.4261673863748771,84.76038678383149,57.664061511489386,0.3995541845846101,0.231467740555053,0.3298651431033021,94.177519023884,63.50253261911995,13
H2Rate_Complex,Ridge,MF3,"{'alpha': 10.0, 'fit_intercept': True}",0.2235909928671315,0.1475740276710373,0.4225848620648899,100.935692030675,59.9242039237644,0.4173707106247894,0.2399826338930189,0.2687686898682692,113.53589076504907,66.11577580823284,14
H2Rate_Complex,Elastic,MF3,"{'alpha': 0.1, 'fit_intercept': True, 'l1_ratio': 0.4}",0.2268302237991164,0.1595469765499814,0.4057332944667253,139.4432279811141,66.51605595294761,0.4178523798070525,0.2538723768499469,0.2670799521865065,155.65295029870884,73.02324110153734,15
H2Rate_Complex,Lasso,MF3,"{'alpha': 0.01, 'fit_intercept': True}",0.2279427738239346,0.1496120560285146,0.3998895155850349,105.0009137658148,60.39532025624261,0.4266241486465583,0.2445902820452748,0.235985307194006,119.3563408832914,66.60510474067806,16
H2Rate_Complex,MLP,MF3,"{'activation': 'relu', 'alpha': 0.1, 'hidden_layer_sizes': (16, 8), 'learning_rate_init': 0.001}",0.2526381642137368,0.1672461850656669,0.2628133355340776,107.5472303906584,76.5322625954575,0.4598283194538539,0.2671793716237787,0.1124307028965957,120.1659259394058,82.6827075292592,17
H2Rate_Complex,SVR_poly,MF3,"{'C': 0.25, 'degree': 2, 'gamma': 0.03125}",0.2984918915699903,0.2271336424183853,-0.0290693253544129,206.61154551683265,89.05380229126149,0.5161737405801504,0.3445189022922951,-0.1184141548970494,229.15374663944377,97.06874338614143,18
H2Rate_Complex,LR,MF3,{'fit_intercept': True},0.4222667891407038,0.2645531500034622,-1.0594602237176467,220.86719989833452,90.16877363777348,0.8598382819436489,0.4578022744918797,-2.1034474452654446,328.1625273698481,96.53230009950153,19
H2Rate_Complex,AB,MF4,"{'learning_rate': 0.05, 'n_estimators': 50}",0.1611633235516873,0.0951442510388268,0.7000064022355426,51.12709161978605,39.5753358284329,0.304483700544245,0.1564756707709847,0.6108303715920281,57.1170173739214,43.781394184631,1
H2Rate_Complex,DT,MF4,"{'criterion': 'absolute_error', 'max_features': 1.0, 'min_samples_split': 10}",0.1702251785405029,0.1093073170226199,0.6653220090563032,50.141209451988246,43.25140188013712,0.3230345502606695,0.1851709063339371,0.5619650220290269,57.51940036752959,48.23600687219596,2
H2Rate_Complex,ET,MF4,"{'criterion': 'absolute_error', 'max_features': 1.0, 'min_samples_split': 8, 'n_estimators': 150}",0.1801266548166278,0.10567997134559,0.6252552787966039,59.6374911487335,38.05413002566976,0.3411165294863966,0.1760533945748826,0.5115542103345405,69.11550888207717,42.65694955513384,3
H2Rate_Complex,GB,MF4,"{'learning_rate': 0.1, 'max_depth': 3, 'n_estimators': 100}",0.1883580643448346,0.1133428313524906,0.5902226079704324,72.10774136238582,44.9645925252506,0.3422511867141682,0.1867017020434656,0.5082993677967288,85.00160461265077,49.738805482481,4
H2Rate_Complex,XGB,MF4,"{'learning_rate': 0.1, 'max_depth': 2, 'n_estimators': 100}",0.1883880339587439,0.1098699780849345,0.5900921983989175,76.84144172969542,43.47442876648408,0.3421980557387962,0.1812248878587255,0.5084520188753021,91.45820975998969,48.038132632743,5
H2Rate_Complex,CB,MF4,"{'depth': 4, 'iterations': 100, 'learning_rate': 0.1}",0.1884515840653908,0.1157194602584859,0.5898155982591886,87.53153369206228,47.23894044523922,0.3473392152276123,0.1872249444016332,0.4935711029235533,100.54138796921694,52.05190445428636,6
H2Rate_Complex,RF,MF4,"{'criterion': 'absolute_error', 'max_features': 0.7, 'min_samples_split': 2, 'n_estimators': 50}",0.1905757899080279,0.107273036916287,0.5805163737666288,67.06467497627655,39.08750586316824,0.35142176605499,0.1770065372247377,0.4815962251928499,78.91032860122942,43.471832593506896,7
H2Rate_Complex,HGB,MF4,"{'learning_rate': 0.05, 'max_iter': 100, 'max_leaf_nodes': 7, 'min_samples_leaf': 5}",0.1975077144462373,0.1289197064158465,0.5494451351577055,91.0127692555212,49.47639542158645,0.3518257494354035,0.2078837797486697,0.4804036588542671,107.25816505272564,54.78239571925617,8
H2Rate_Complex,LGBM,MF4,"{'learning_rate': 0.05, 'max_depth': 4, 'min_child_samples': 5, 'n_estimators': 100}",0.1999163649381759,0.1294263195370482,0.5383888935766332,72.73940819351728,52.798170545735054,0.3634306804402871,0.2098358973955239,0.4455606882318047,83.13892475035067,58.18575497944555,9
H2Rate_Complex,KNN,MF4,"{'n_neighbors': 3, 'weights': 'distance'}",0.2131676478601786,0.125779272152843,0.4751657814065245,70.04589530374979,44.911535017507056,0.3857946501775262,0.2045541532686646,0.375225575270542,82.43792897084461,49.99891826671561,10
H2Rate_Complex,SVR_rbf,MF4,"{'C': 1.0, 'gamma': 0.0009765625}",0.2149498188845356,0.1499987171366722,0.466353428480974,131.2169936239735,65.26032691005396,0.3965645840873478,0.2360358153603897,0.3398559798159263,144.8647912986028,71.47072684884866,11
H2Rate_Complex,SVR_linear,MF4,{'C': 0.03125},0.2219363204341191,0.1543998030249085,0.4310994948366721,134.32205546178366,65.17995980124083,0.410786402252835,0.2456987241743327,0.2916580546379151,148.88319036800257,71.54919213391258,12
H2Rate_Complex,Ridge,MF4,"{'alpha': 10.0, 'fit_intercept': True}",0.2227694950066109,0.1458973320246197,0.4268200407365652,99.42604678128949,57.04263281498301,0.4131539665216783,0.2367565810943664,0.2834694783415913,112.45637861721498,63.12933422770307,13
H2Rate_Complex,Elastic,MF4,"{'alpha': 0.1, 'fit_intercept': True, 'l1_ratio': 0.4}",0.2284503270081402,0.1611725885385441,0.3972140449790592,141.7766753038686,66.91639872733542,0.4194985262344917,0.2560977036808144,0.2612938406684806,158.50523818202893,73.45842331398705,14
H2Rate_Complex,Lasso,MF4,"{'alpha': 0.01, 'fit_intercept': True}",0.2317916579339327,0.1538258271767258,0.3794523142844918,110.79168488044267,61.7075340546936,0.4322776441898757,0.2511144223496674,0.215602152299292,126.03827327368246,68.04481533523855,15
H2Rate_Complex,SVR_poly,MF4,"{'C': 4.0, 'degree': 2, 'gamma': 0.25}",0.2598321452814504,0.1734396471945422,0.2202321688761439,161.182966019211,83.94403003104738,0.4247723490293864,0.2628382585700454,0.2426034584808422,190.8008226984516,89.14202898939728,16
H2Rate_Complex,MLP,MF4,"{'activation': 'tanh', 'alpha': 0.1, 'hidden_layer_sizes': (8,), 'learning_rate_init': 0.001}",0.2655613964032148,0.1861842206756234,0.1854655749548847,148.234096768007,84.209337404456,0.4470527566047608,0.2903884769080042,0.1610648410000773,168.52692257367053,90.1847517497151,17
H2Rate_Complex,SVR_sigmoid,MF4,"{'C': 0.25, 'gamma': 0.03125}",0.3080810732477669,0.2260915523621813,-0.0962499678816113,109.66915328520008,106.23794939507457,0.5004623895974378,0.3458840876168777,-0.0513655243406585,125.61309691735684,113.2278670701122,18
H2Rate_Complex,LR,MF4,{'fit_intercept': True},0.4888971300385548,0.3024042321997208,-1.7606702314293767,301.56057420559443,85.71713232014083,0.9747710720829668,0.5233549218280219,-2.9885597834399973,447.6434325941829,91.78907310060606,19
H2Rate_Complex,DT,MF5,"{'criterion': 'squared_error', 'max_features': 0.7, 'min_samples_split': 4}",0.1793474795942219,0.1180913925063712,0.6284903387739553,47.25655429774683,42.6332416761093,0.3393924557293156,0.203501904200676,0.5164791458280142,53.95353760855017,48.15853128935203,1
H2Rate_Complex,ET,MF5,"{'criterion': 'absolute_error', 'max_features': 1.0, 'min_samples_split': 8, 'n_estimators': 150}",0.1912914899061424,0.1107075879569884,0.5773597485598271,63.12822192967593,39.04378940177195,0.3542899014825913,0.1823628329366233,0.4730997695778619,73.41311878824295,43.64808060128505,2
H2Rate_Complex,AB,MF5,"{'learning_rate': 0.05, 'n_estimators': 50}",0.1955260258270788,0.1089567132306768,0.5584410390311068,54.856678640070136,42.9671250383628,0.3637164764346523,0.1769621765647607,0.4446883411968507,61.26768706263051,47.45422031528104,3
H2Rate_Complex,RF,MF5,"{'criterion': 'absolute_error', 'max_features': 0.7, 'min_samples_split': 2, 'n_estimators': 150}",0.1968326472777432,0.1084452203622982,0.5525197999433032,70.9225059390592,39.14739770023709,0.3609729705552711,0.1786616395724785,0.4530341546619736,83.98575922368501,43.49826413466634,4
H2Rate_Complex,XGB,MF5,"{'learning_rate': 0.05, 'max_depth': 3, 'n_estimators': 25}",0.2001244205712552,0.134378155507726,0.5374275839161613,139.11052396318843,62.68172317007391,0.3712311371697586,0.2098003589254199,0.4215049692126293,153.1357610828228,68.11881385580972,5
H2Rate_Complex,GB,MF5,"{'learning_rate': 0.1, 'max_depth': 2, 'n_estimators': 100}",0.2003873974975702,0.1148450182182914,0.5362110827290051,72.08786933768663,45.24279796417909,0.3758562212837875,0.1908337453317059,0.4070004991993844,84.55938810757617,50.067278521980654,6
H2Rate_Complex,HGB,MF5,"{'learning_rate': 0.05, 'max_iter': 100, 'max_leaf_nodes': 7, 'min_samples_leaf': 5}",0.2061796941975717,0.1364482304590204,0.5090114788412656,90.97530649172585,48.98670304443203,0.3666739567909035,0.2201042732282431,0.4356208365640298,107.42676673597155,54.58669558732255,7
H2Rate_Complex,CB,MF5,"{'depth': 3, 'iterations': 50, 'learning_rate': 0.1}",0.2083030288817007,0.1248537018373545,0.4988465476538951,82.12071585666813,47.37754542016523,0.3789920050169125,0.2010336718530576,0.3970643847995624,94.76528281360478,52.35855705208146,8
H2Rate_Complex,LGBM,MF5,"{'learning_rate': 0.05, 'max_depth': 4, 'min_child_samples': 5, 'n_estimators': 50}",0.2085076205618111,0.1272176246305307,0.4978616154628978,79.0458128587309,51.054236604533166,0.3806519875586262,0.2057586575127229,0.391771109650783,89.52921660789487,56.18295660584975,9
H2Rate_Complex,KNN,MF5,"{'n_neighbors': 3, 'weights': 'distance'}",0.2111081092572977,0.1177764453860516,0.4852582570557068,66.42799011048191,42.36831908436123,0.3839636975849806,0.1936793774046715,0.381141768475605,78.22862692773039,46.97052135469137,10
H2Rate_Complex,SVR_rbf,MF5,"{'C': 4.0, 'gamma': 0.0009765625}",0.2148000215151057,0.1502234805574876,0.4670969601439075,135.23729664954828,65.25405197891898,0.3965637878559719,0.2369460800077504,0.3398586307175693,149.4656236491065,71.44669559149833,11
H2Rate_Complex,SVR_linear,MF5,{'C': 0.03125},0.2215835520234751,0.1532370429344055,0.4329065954308043,136.06681343251387,66.67154491955853,0.4087697522176803,0.2423344492346635,0.2985958277933399,150.77376629291348,72.92568802625377,12
H2Rate_Complex,Ridge,MF5,"{'alpha': 10.0, 'fit_intercept': True}",0.2252436471565121,0.148811130354714,0.4140174838612559,105.09183179538933,59.55718526537994,0.4193195203523275,0.2420323668678994,0.261924138639334,118.84858840833598,65.70372317039657,13
H2Rate_Complex,Elastic,MF5,"{'alpha': 0.1, 'fit_intercept': True, 'l1_ratio': 0.4}",0.2284503270081402,0.1611725885385441,0.3972140449790592,141.7766753038686,66.91639872733542,0.4194985262344917,0.2560977036808144,0.2612938406684806,158.50523818202893,73.45842331398705,14
H2Rate_Complex,Lasso,MF5,"{'alpha': 0.01, 'fit_intercept': True}",0.2310743209764388,0.1542878234829844,0.3832872494310116,116.01134341760422,62.506897019202015,0.43092233659072,0.2514621302027205,0.220513041511817,131.4264133607971,68.8379706938724,15
H2Rate_Complex,MLP,MF5,"{'activation': 'tanh', 'alpha': 0.1, 'hidden_layer_sizes': (8,), 'learning_rate_init': 0.001}",0.2575679438086821,0.1814917671803158,0.2337628956451722,136.95663792056908,83.50019677524728,0.4692648400421608,0.2913254997107378,0.0756278067893729,152.02151936516472,89.82314996504594,16
H2Rate_Complex,SVR_poly,MF5,"{'C': 0.25, 'degree': 2, 'gamma': 0.03125}",0.2890915580036418,0.2209355761735557,0.0347265169281338,205.16910237045872,87.80975566202862,0.4997001631096112,0.3335909361285683,-0.0481654102061575,227.58286713207715,95.72741781438914,17
H2Rate_Complex,SVR_sigmoid,MF5,"{'C': 0.25, 'gamma': 0.03125}",0.3715281906130208,0.2779748398329358,-0.5942745067445281,159.01835071672247,101.65392194025192,0.5749495031616587,0.4112342384397779,-0.3876190306089102,180.1379073061917,108.66960130994188,18
H2Rate_Complex,LR,MF5,{'fit_intercept': True},1.0282352418440746,0.5907164027414862,-11.211373819263311,838.8772082440539,100.1672822141457,12.462883754971614,2.8280114711223634,-651.0005015822596,3386.8263281207646,107.67650301897773,19
H2Rate_Complex,ET,MF6,"{'criterion': 'absolute_error', 'max_features': 0.7, 'min_samples_split': 8, 'n_estimators': 100}",0.1932743523366614,0.1161294782915908,0.5685524473867263,64.74767863507202,41.36860092212674,0.3592571962657725,0.1906948585172643,0.4582214658822133,74.82978332144417,46.30588694861718,1
H2Rate_Complex,RF,MF6,"{'criterion': 'squared_error', 'max_features': 0.7, 'min_samples_split': 2, 'n_estimators': 50}",0.1942857257149024,0.1149325911678576,0.5640252429240658,75.51648675509585,44.14846039126984,0.3589203694753586,0.189268948139397,0.4592368942754863,87.48784339574414,48.91616718692086,2
H2Rate_Complex,AB,MF6,"{'learning_rate': 0.05, 'n_estimators': 50}",0.196240159229434,0.1118706101186684,0.5552096752637086,57.88025937188935,43.73389640884439,0.364741001427562,0.1826204845090108,0.4415555056023238,65.16600278263019,48.36316083771294,3
H2Rate_Complex,KNN,MF6,"{'n_neighbors': 2, 'weights': 'distance'}",0.1976329246508442,0.1184819909830843,0.5488736947069102,65.591337164362,44.78471037190511,0.3622947354452844,0.194515914958475,0.4490212011645721,75.4532334202798,49.73052131192824,4
H2Rate_Complex,XGB,MF6,"{'learning_rate': 0.05, 'max_depth': 3, 'n_estimators': 25}",0.200477121933495,0.1355473095733068,0.5357956622408243,140.29951518780786,62.93834384237644,0.3716359117045091,0.2116508676698193,0.4202427490347747,154.55179439560368,68.42526387432922,5
H2Rate_Complex,LGBM,MF6,"{'learning_rate': 0.1, 'max_depth': 4, 'min_child_samples': 5, 'n_estimators': 25}",0.206342269112721,0.125939078591915,0.5082368740685077,79.68508976167679,50.973959359875366,0.3766310354712662,0.2027905341679138,0.4045530845493009,90.57157032307786,56.04065960058928,6
H2Rate_Complex,CB,MF6,"{'depth': 2, 'iterations': 100, 'learning_rate': 0.1}",0.2072926985513343,0.1239335941187818,0.5036962381316735,77.45479620906833,47.695429184061325,0.3772391302896946,0.1994808299326581,0.4026287583146877,88.43083037884168,52.60831414063898,7
H2Rate_Complex,SVR_rbf,MF6,"{'C': 32.0, 'gamma': 0.0009765625}",0.2073245828142883,0.1453926996949189,0.5035435506829871,133.5025190824807,64.61248563992544,0.3790984386766257,0.2282385300008149,0.3967256881824178,149.21914800774456,70.62032750352846,8
H2Rate_Complex,HGB,MF6,"{'learning_rate': 0.05, 'max_iter': 50, 'max_leaf_nodes': 7, 'min_samples_leaf': 5}",0.2082879577312378,0.1335366572529266,0.4989190639863732,103.95334020907998,53.447408831916064,0.3680836377364799,0.2128069466464728,0.4312729745312427,122.37499762999246,58.743785728119256,9
H2Rate_Complex,DT,MF6,"{'criterion': 'squared_error', 'max_features': 0.7, 'min_samples_split': 10}",0.2098452598168937,0.130559239625331,0.4913982111255949,59.31342477276817,45.58407509897751,0.3923034729927764,0.2186990156366735,0.3539663390133986,68.95898681103164,51.27980676341903,10
H2Rate_Complex,Ridge,MF6,"{'alpha': 10.0, 'fit_intercept': True}",0.2118033982971003,0.142520161135427,0.4818620477894296,101.70981172723216,60.64786512010579,0.3984478635455455,0.2313353121965279,0.3335710629234018,113.83784680205822,66.70248648437486,11
H2Rate_Complex,GB,MF6,"{'learning_rate': 0.1, 'max_depth': 2, 'n_estimators': 100}",0.2122915277181663,0.1251073604618949,0.479471058571197,82.43647303783703,47.62312362130391,0.3897976366289969,0.2066587842864871,0.3621930539842352,98.06194377456278,52.6854880202958,12
H2Rate_Complex,SVR_linear,MF6,{'C': 0.03125},0.2164018348914329,0.1521461189463043,0.459119363126046,137.62551513205764,68.94876243741264,0.4011410404123339,0.240241806113703,0.3245316031705618,152.63064092867643,75.18962175456188,13
H2Rate_Complex,Elastic,MF6,"{'alpha': 0.01, 'fit_intercept': True, 'l1_ratio': 0.7}",0.2198656494455719,0.1537135781663014,0.441665682098038,114.33005719927938,64.99674157878758,0.4133437384635464,0.2522128038543322,0.2828110864178526,128.8458205684762,71.49397930057366,14
H2Rate_Complex,Lasso,MF6,"{'alpha': 0.01, 'fit_intercept': True}",0.2251191958298117,0.1550057030429562,0.4146648375682705,111.5933868235371,64.513617666653,0.4231512259813166,0.2540977223690716,0.2483735610324173,126.32119749978736,71.03689325509718,15
H2Rate_Complex,MLP,MF6,"{'activation': 'tanh', 'alpha': 0.1, 'hidden_layer_sizes': (8,), 'learning_rate_init': 0.001}",0.2521996050920908,0.1783899461037214,0.2653705051998963,159.6252078370362,79.53773037382078,0.4379748947944575,0.2827732168244955,0.1947897858746894,181.6562925212048,85.6920366085555,16
H2Rate_Complex,SVR_poly,MF6,"{'C': 0.25, 'degree': 2, 'gamma': 0.25}",0.2779432178175215,0.1988823092139567,0.107739394268463,168.51257648592863,81.84698184602885,0.4637353023907886,0.3062089253826895,0.0972839627770428,194.64704424834244,87.67206396093805,17
H2Rate_Complex,SVR_sigmoid,MF6,"{'C': 0.25, 'gamma': 0.03125}",0.3345509886484727,0.2074737179483642,-0.2927191780349274,104.80994560871426,76.11416337915145,0.5092767060397558,0.3049155584958924,-0.0887256777795202,112.87802351331098,81.34369290404845,18
H2Rate_Complex,LR,MF6,{'fit_intercept': True},0.7530881484572071,0.4431118548838892,-5.5504507037878685,733.4084567780768,105.14501818383532,4.642793993698465,1.38659501270148,-89.48355791526761,2238.0127247966107,111.98652361391758,19
